SDG Keywords,Alternatives,SDG
Sustainable Development Goals,SDGs,SDG0
Sustainable Development Goal,SDG,SDG0
Child Labor Laws,,SDG1
Child Labour,Child Labor,SDG1
Child Support Grant,CSG,SDG1
Child Welfare,,SDG1
Conditional Cash Transfer,Conditional Cash Transfer Programs; Conditional Cash Transfers; CCT; CCTs,SDG1
Conditional Cash Transfer Program,Conditional Cash Transfer Programs,SDG1
Development Aid,,SDG1
Development Aid,International Development Aid; Foreign Aid; International Aid,SDG1
Development Assistance Committee,DAC,SDG1
Disaster Risk Reduction,,SDG1
Eradicate Extreme Poverty,,SDG1
Extreme Poverty,,SDG1
Low Income,,SDG1
Low Income Countries,,SDG1
Low Income Population,,SDG1
Low Socioeconomic Status,,SDG1
Micro Finance Institutions,Microfinance Institutions; MFIs,SDG1
Microfinance,Microcredit,SDG1
Official Development Assistance,,SDG1
Official Development Assistance,Official Development Aid; ODA,SDG1
Poor Countries,,SDG1
Poverty Alleviation,,SDG1
Poverty Alleviation,Alleviating Poverty,SDG1
Poverty Alleviation Program,Poverty Alleviation Programs; Poverty Alleviation Programme; Poverty Alleviation Programmes,SDG1
Poverty Eradication,,SDG1
Poverty Levels,,SDG1
Poverty Line,,SDG1
Poverty Reduction Strategy Paper,Poverty Reduction Strategy Papers,SDG1
Small Island Developing States,SIDs,SDG1
Social Assistance,,SDG1
Social Protection,,SDG1
Social Protection Floor,,SDG1
Social Protection Spending,,SDG1
Social Protection System,Social Protection Systems,SDG1
Social Safety Net,Social Safety Nets,SDG1
Social Security,,SDG1
Social Support,,SDG1
Social Welfare,,SDG1
Targeted Poverty Alleviation,,SDG1
Child Labor Regulations,,SDG1
Disaster Risk Reduction Strategies,,SDG1
Distributional Effect,Distributional Effects,SDG1
Economic Resource AND Access,Economic Resources AND Access,SDG1
End Poverty,,SDG1
Financial Aid AND North-South Divide,,SDG1
Financial Aid AND Poor,,SDG1
Financial Aid AND Poverty,,SDG1
Financial Development AND Poverty,,SDG1
Financial Empowerment,,SDG1
Food Bank,Food Banks,SDG1
Global Poverty,,SDG1
Income Poverty,,SDG1
International Poverty Line,,SDG1
Microfinanc*,Micro-Financ*,SDG1
Poverty Reduction,,SDG1
Resilience of The Poor,,SDG1
Safety Net AND Poor OR Vulnerable,,SDG1
Sendai Framework for Disaster Risk Reduction,,SDG1
Social Protection AND Access,,SDG1
Social Protection System,,SDG1
Social Protection Systems,,SDG1
Urban Poverty,,SDG1
Agricultural Development,,SDG2
Agricultural Land,,SDG2
Agricultural Management,,SDG2
Agricultural Practices,,SDG2
Agricultural Production,Agricultural Productions,SDG2
Agricultural Production System,Agricultural Production Systems,SDG2
Agricultural Productivity,,SDG2
Agricultural Soils,,SDG2
Agricultural Systems,,SDG2
Agri-Food Supply Chain,,SDG2
Arable Land,,SDG2
Common Agricultural Policy,CAP,SDG2
Conservation Agriculture,CA,SDG2
Crop,Crops,SDG2
Crops,,SDG2
Crop Growth,,SDG2
Crop Management,,SDG2
Crop Productivity,,SDG2
Crop Yield,Crop Yields,SDG2
Cropping Systems,Cropping System,SDG2
Dietary Diversity,,SDG2
European Food Safety Authority,EFSA,SDG2
Farming System,,SDG2
Farming Systems,,SDG2
Farmyard Manure,FYM,SDG2
Fertilizer,Fertilizers,SDG2
Fertilizer Application Rates,,SDG2
Food Availability,,SDG2
Food Insecurity,,SDG2
Food Prices,,SDG2
Food Production,,SDG2
Food Production Systems,,SDG2
Food Security,,SDG2
Food Security Policy,,SDG2
Food Security Status,,SDG2
Food Security Survey Module,,SDG2
Food Supply,,SDG2
Food Supply Chain,Food Supply Chains; FSC,SDG2
Food Supply Chain Management,,SDG2
Food System,Food Systems,SDG2
Genetically Modified Food,Genetically Modified Foods; GMF,SDG2
Global Food Security,,SDG2
Global Food Supply,,SDG2
Global Food System,,SDG2
Good Agricultural Practices ,GAP,SDG2
Grain Yield,Grain Yields,SDG2
Household Dietary Diversity Score,HDDS,SDG2
Household Food Insecurity,HFI,SDG2
Household Food Insecurity Access Scale,HFIAS,SDG2
Household Food Security,,SDG2
Household Food Security Status,,SDG2
Hunger,,SDG2
Integrated Soil Fertility Management ,ISFM,SDG2
Irrigation,,SDG2
Land Management,,SDG2
Land Reform,Land Reforms,SDG2
Land Rights,,SDG2
Land Tenure,,SDG2
Local Food Production,,SDG2
Low Food Security,,SDG2
Malnutrition,,SDG2
Malnutrition Universal Screening Tool,MUST,SDG2
Manure,Manures,SDG2
Mini Nutritional Assessment ,MNA,SDG2
Nutritional Risk Screening,NRS,SDG2
Nutritional Status,,SDG2
Obesity,,SDG2
Severe Acute Malnutrition,,SDG2
Smallholder,,SDG2
Smallholder Farmers,,SDG2
Smallholder Farming,,SDG2
Smallholder Farming Systems,,SDG2
Smallholder Farms,,SDG2
Soil Fertility,,SDG2
Soil Fertility Management,,SDG2
Supplemental Nutrition Assistance Program,SNAP,SDG2
Sustainable Agriculture,,SDG2
Sustainable Land Management,,SDG2
Urban Food Security,,SDG2
Acute Severe Maternal Undernutrition,,SDG2
Agricultural Export Subsidies,,SDG2
Agricultural Innovation,,SDG2
Agricultural Markets,,SDG2
Agricultural Production,,SDG2
Agriculture AND Potassium,,SDG2
Agroforestry Management,,SDG2
Agroforestry Practices,,SDG2
Doha Development Round,,SDG2
Early Life Nutrition,,SDG2
End Hunger,,SDG2
Fertili?er,,SDG2
Fertiliser Application Rates,,SDG2
Fertilizers,,SDG2
Food Commodity Market,,SDG2
Food Commodity Markets,,SDG2
Food Gap,,SDG2
Food Governance,,SDG2
Food Insecurity Experience Scale,FIES,SDG2
Food Market AND Access,,SDG2
Food Market AND Development Governance,,SDG2
Food Market AND North South Divide,,SDG2
Food Market AND Restriction,,SDG2
Food Market AND Tariff,,SDG2
Food Nutrition Improvement,,SDG2
Food Price Anomalies,,SDG2
Food Price Volatility,Extreme Food Price Volatility,SDG2
Food Productivity,,SDG2
Food Reserves,,SDG2
Food Security AND Genetic Diversity,,SDG2
Food Supply Chain,,SDG2
Food Value Chain,,SDG2
Genetic Diversity AND Cultivated Plants,,SDG2
Genetic Diversity AND Domesticated Animals,,SDG2
Genetic Diversity AND Farmed Animals,,SDG2
Genetic Diversity AND Seeds,,SDG2
Genetically Modified Food,,SDG2
GMO AND Food,,SDG2
Hidden Hunger,,SDG2
High Nutrition Risk,,SDG2
Indicator of Food Price Anomalies,IFPA,SDG2
Land Right,Land Rights,SDG2
Livestock AND Gene Bank,Livestock AND Gene Banks,SDG2
Local Breeds AND Extinction,,SDG2
Malnutrition Risk,,SDG2
Maternal Nutrition,,SDG2
Maternal Periconceptional Undernutrition,Maternal Periconceptual Undernutrition,SDG2
Maternal Undernutrition,,SDG2
Nutrition Risk,,SDG2
Periconceptional Undernutrition Alters Fetal Growth,,SDG2
Plant AND Gene Bank,Plant AND Gene Banks,SDG2
Plant Bank,Plant Banks,SDG2
Prenatal Nutrition,,SDG2
Prepregnancy Nutritional Status,,SDG2
Productive Agriculture,,SDG2
Resilient Agricultural Practices,,SDG2
Resilient Agriculture,,SDG2
Small-Scale Food Producers,,SDG2
Sustainable Food Production,,SDG2
Total Official Flows AND Agriculture,,SDG2
Adolescent Birth Rate,,SDG3
AIDS,,SDG3
Alcohol Use,,SDG3
Alcoholism,,SDG3
Battered Child Syndrome,BCS,SDG3
Cancer*,,SDG3
Cardiovascular Disease,Cardiovascular Diseases; CVD; CVDs,SDG3
Chagas,,SDG3
Child Abuse,,SDG3
Child Mortality,Child Death,SDG3
Child Neglect,,SDG3
Child Well-Being Index,Child Wellbeing Index,SDG3
Childbirth Complications,,SDG3
Cholera,,SDG3
Chronic Respiratory Disease,"Chronic Respiratory Diseases; CRD, CRDs",SDG3
Communicable Disease,Communicable Diseases,SDG3
Contamination AND Death OR Illness,Pollution AND Death OR Illness,SDG3
Dengue,,SDG3
Diabet*,,SDG3
Diarrhea,Diarrhoea,SDG3
Dysentery,,SDG3
Ebola,,SDG3
Health Policy,Health Care Policy,SDG3
Health Risk,Health Risks,SDG3
Health System Access,Accessible Health System; Health Services Accessibility,SDG3
Health System AND  Access OR Accessible ,,SDG3
Healthy Lifestyle,,SDG3
Hepatitis,,SDG3
HIV,Human Immunodeficiency Virus,SDG3
Human AND Disease*,,SDG3
Human AND Health*,,SDG3
Human AND Illness*,,SDG3
Human AND Medicine*,,SDG3
Human AND Mortality,,SDG3
Inclusive Health,,SDG3
Indigenous And Health,,SDG3
Infant Mortality,,SDG3
Infectious Disease,Infectious Diseases,SDG3
Life Expectancy,Life Expectancies,SDG3
Malaria,,SDG3
Maternal Health,,SDG3
Maternal Mortality,,SDG3
Measles,,SDG3
Mental Disorder,Mental Disease; Mental Disorders; Mental Illness; Mental Illnesses; Psychiatric Disorder,SDG3
Mental Health,,SDG3
Neglected Disease,Neglected Diseases,SDG3
Neonatal Mortality,,SDG3
Obesity,,SDG3
Polio,,SDG3
Polio*,Poliomyelitis,SDG3
Postnatal Depression,Post-Natal Depression,SDG3
Premature Mortality,,SDG3
Preventable Death,Preventable Deaths,SDG3
Preventable Deaths,,SDG3
Psychological Harm,,SDG3
Psychological Wellbeing,Psychological Well-Being; Psychological Well Being,SDG3
Public Health,,SDG3
Quality Adjusted Life Year,Quality-Adjusted Life-Year; QALY,SDG3
Schistosomiasis,,SDG3
Sexual Health,,SDG3
Sexually Transmitted Disease,"Sexually Transmitted Diseases; STD, STDs",SDG3
Sleeping Sickness,African Trypanosomiasis,SDG3
Social Determinants of Health,,SDG3
Substance Abuse,Drug Abuse,SDG3
Substance Addiction,Drug Addiction,SDG3
Suicide,,SDG3
Tobacco Addiction,,SDG3
Tobacco Control,,SDG3
Tobacco Use,,SDG3
Traffic Accident,Traffic Accidents,SDG3
Tropical Disease,Tropical Diseases,SDG3
Tuberculosis,TB,SDG3
Typhoid Fever,Typhoid,SDG3
Vaccin*,,SDG3
Water-Borne Disease,Water Borne Disease; Water Borne Diseases; Water-Borne Diseases,SDG3
Youth Well-Being Index,Youth Wellbeing Index,SDG3
Zika Virus,ZKV,SDG3
Acute Coronary Syndrome,ACS,SDG3
Acute Respiratory Distress Syndrome,ARDS,SDG3
Acute Rheumatic Fever,,SDG3
Affordable Medicines,,SDG3
AIDS,Acquired Immunodeficiency Syndrome,SDG3
Alcohol Abuse,,SDG3
Alcohol Consumption,,SDG3
Alcohol Use Disorder,AUD,SDG3
Alzheimer'S Disease,Alzheimer Disease; AD,SDG3
Anemia,,SDG3
Antenatal Care,,SDG3
Antineoplastic Agent,Antineoplastic Agents,SDG3
Antiretroviral Therapy,,SDG3
Antiretroviral Therapy,Antiretroviral Treatment; Highly Active Antiretroviral Therapy; Combined Antiretroviral Therapy; ART,SDG3
Blood Pressure,,SDG3
Body Mass Index,BMI,SDG3
Brain Injury,,SDG3
Breast Cancer,,SDG3
Breast Neoplasms,,SDG3
Cancer Cell,Cancer Cells,SDG3
Cardiovascular Risk,,SDG3
Cardiovascular Risk Factors,CVD Risk Factors,SDG3
Cause of Death,,SDG3
Child Deaths,,SDG3
Child Health,,SDG3
Chronic Disease,,SDG3
Chronic Obstructive Pulmonary Disease,COPD,SDG3
Congenital Heart Disease,CHD,SDG3
Contraception,Contraceptive Use,SDG3
Contraceptive Use,,SDG3
Coronary Artery Disease,"Coronary Heart Disease; CAD, CHD",SDG3
COVID-19,Coronavirus Disease 2019,SDG3
Depression,,SDG3
Diabetes,Diabetes Mellitus; Type 1 Diabetes; Type 2 Diabetes; DM,SDG3
Diet,,SDG3
Disease Burden,,SDG3
Disease Transmission,,SDG3
District Health Boards,,SDG3
Drug Safety,,SDG3
Drug Users,,SDG3
Ebola,Ebola Virus Disease,SDG3
Emerging Infectious Disease,Emerging Infectious Diseases; EID,SDG3
Epidemic,Epidemics,SDG3
Epidemiology,,SDG3
Essential Health-Care Services AND Access,,SDG3
Essential Medicines AND Access,,SDG3
Essential Vaccines AND Access,,SDG3
Family Planning,,SDG3
Fetal Growth Restriction,,SDG3
Gestational Age,,SDG3
Gestational Diabetes,,SDG3
H1N1,,SDG3
Health Care,Healthcare,SDG3
Health Care Delivery,Health Care Delivery System; Health Care Delivery Systems,SDG3
Health Care Quality,,SDG3
Health Emergency Preparedness,,SDG3
Health Outcomes,,SDG3
Health Service,Health Services,SDG3
Health Services,Healthcare Services; Health Care Services,SDG3
Health System,Health Care System,SDG3
Health Worker,Health Care Workers; Healthcare Professionals; Health Care Personnel,SDG3
Health Worker Density,,SDG3
Heart Disease,,SDG3
Heart Failure,Congestive Heart Failure,SDG3
Hepatitis,Hepatitis-B; Hepatitis-C,SDG3
HIV,HIV-1; HIV-2; Human Immunodeficiency Virus,SDG3
HIV Infection,Hiv Infections; Human Immunodeficiency Virus Infection; Human Immunodeficiency Virus Infections,SDG3
Huntington's Disease,Huntington Disease,SDG3
Hypertension,High Blood Pressure; HBP; HT; HTN,SDG3
Immunology,,SDG3
Inflammatory Bowel Disease,Inflammatory Bowel Diseases; LBD,SDG3
Intensive Care Unit,ICU,SDG3
International Health Policy,,SDG3
International Health Regulations,IHR,SDG3
Live Birth Rate,Live Birth Rates,SDG3
Low Birth Weight,,SDG3
Lung Cancer,Lung Carcinoma,SDG3
Lung Disease,,SDG3
Major Depressive Disorder,Major Depression; MDD,SDG3
Maternal Mortality,Maternal Death,SDG3
Maternal Mortality Rate,Maternal Mortality Ratio,SDG3
Medical Care,,SDG3
Medicine,Medicines,SDG3
Mental Disease,,SDG3
Mental Health Care,,SDG3
Mental Health Service,Mental Health Services,SDG3
MERS,Middle East Respiratory Syndrome,SDG3
Myocardial Infarction,Acute Myocardial Infarction; Heart Infarction; MI,SDG3
Narcotic Drug Abuse,,SDG3
Neglected Tropical Disease,"Neglected Tropical Diseases; NTD, NTDs",SDG3
Neonatal Intensive Care,Neonatal Intensive Care Unit; NICU,SDG3
Neonatal Mortality Rate,,SDG3
Neoplasm,Neoplasms,SDG3
Nonalcoholic Fatty Liver Disease,NAFLD,SDG3
Non-Communicable Disease,"Non-Communicable Diseases; NCD, NCDs",SDG3
Non-Small Cell Lung Cancer,Non-Small Cell Lung Carcinoma; NSCLC,SDG3
Official Development Assistance AND Medical OR Basic Health,,SDG3
Pandemic,Pandemics,SDG3
Parkinson'S Disease,Parkinson Disease; PD,SDG3
Patient Satisfaction,,SDG3
Pneumonia,,SDG3
Pollution AND Death* OR Illness*,Contamination AND Death* OR Illness*,SDG3
Post-Traumatic Stress Disorder,PTSD,SDG3
Pregnancy,,SDG3
Pregnant Women,,SDG3
Primary Care,Primary Health Care; Primary Healthcare,SDG3
Reproductive Health,,SDG3
Reproductive Health Care,Reproductive Healthcare,SDG3
Respiratory Distress Syndrome,RDS,SDG3
Respiratory Tract Infection,Respiratory Tract Infections; RTI,SDG3
Rheumatic Heart Disease,,SDG3
SARS,Severe Acute Respiratory Syndrome,SDG3
Severity of Illness Index,,SDG3
Sexual And Reproductive Health-Care,,SDG3
Sexual Risk Behavior,Sexual Risk Behaviors; Sexual Risk Behaviour; Sexual Risk Behaviours,SDG3
Sexually Transmitted Infection,Sexually Transmitted Infections; STI; STIs,SDG3
Smoking Cessation,,SDG3
Substance Use Disorders,,SDG3
Sudden Infant Death Syndrome,SIDS,SDG3
Suicide Mortality Rate,,SDG3
The Trips Agreement And Public Health,,SDG3
Traffic Accident AND Death* OR Injur*,Traffic Accidents AND Death* OR Injur*,SDG3
Traumatic Brain Injury,,SDG3
Tumor,Tumors,SDG3
Tumor Necrosis Factor,TNF,SDG3
Under-5 Mortality,Under-Five Mortality,SDG3
Universal Health,,SDG3
Universal Health Coverage,UHC,SDG3
Vaccination,,SDG3
Vaccine,Vaccines,SDG3
Vaccine Preventable Diseases,,SDG3
"Water, Sanitation and Hygiene",WASH,SDG3
Water-Borne Disease,,SDG3
World Health Organization,WHO,SDG3
World Obesity Federation,,SDG3
Academic Achievement,,SDG4
Adult Basic Education,,SDG4
Basic Education,,SDG4
Basic Education Development Index,,SDG4
Compulsory Secondary Education,,SDG4
Dynamic Indicators of Basic Early Literacy Skills,Dibels,SDG4
Early Childhood Development,ECD,SDG4
Early Childhood Education,ECE,SDG4
Early Childhood Education Policy,,SDG4
Early Childhood Special Education,,SDG4
Early Years Learning Framework,,SDG4
Education Institutions,Educational Institutions,SDG4
Education Policy,Education Policies; Educational Policies; Educational Policy,SDG4
Education Reform,,SDG4
Education Reform,Educational Reform,SDG4
Education Research,Educational Research,SDG4
Educational Attainment,,SDG4
Educational Inequality,,SDG4
Educational Status,,SDG4
Elementary School,,SDG4
European Higher Education Area,EHEA,SDG4
Formal Education,,SDG4
Global Citizenship Education,GCE,SDG4
Global Education Reform Movement,,SDG4
High School,High Schools,SDG4
High School Education,,SDG4
High School Graduation Rates,,SDG4
Higher Education,,SDG4
Higher Education Institutions,HEIS,SDG4
Higher Education Policy,,SDG4
Higher Education Reform,,SDG4
Inclusive Education,,SDG4
Individualized Education Program,IEP,SDG4
Individuals with Disabilities Education Improvement Act,,SDG4
Initial Teacher Education,ITE,SDG4
Inservice Teacher Training,,SDG4
Learning Environment,,SDG4
Learning Opportunities,,SDG4
Learning Outcomes,,SDG4
Lifelong Learning,,SDG4
Literacy,,SDG4
Literacy Skills,,SDG4
Lower Secondary Education,,SDG4
Massive Open Online Courses,MOOCS,SDG4
National Assessment Program – Literacy and Numeracy,NAPLAN,SDG4
Open Educational Resources,,SDG4
Open Educational Resources ,OER,SDG4
Pedagogical Content Knowledge,PCK,SDG4
Pre-Service Teacher Education,,SDG4
Primary Education,,SDG4
Primary School,Primary Schools,SDG4
Professional Development,,SDG4
Programme for International Student Assessment ,PISA,SDG4
Public Education,,SDG4
Public Schools,,SDG4
School Attendance,,SDG4
School Enrollment,,SDG4
Science Technology Engineering Mathematics,STEM,SDG4
Secondary Education,,SDG4
Secondary School,Secondary Schools,SDG4
Special Education,,SDG4
Teacher Education,,SDG4
Teacher Training,,SDG4
Tertiary Education,,SDG4
The Dundee Ready Educational Environment Measure,Dreem,SDG4
Universal Primary Education,UPE,SDG4
Upper Secondary Education,,SDG4
Upper Secondary School,,SDG4
Vocational Education,,SDG4
Vocational Training,,SDG4
Access AND Technical Education,,SDG4
Access AND Tertiary Education,,SDG4
Access AND Vocational Education,,SDG4
Adult Literacy,,SDG4
Affordable Education,,SDG4
Child Labour,Child Labor,SDG4
Childhood Curriculum,,SDG4
Completion Rate AND Primary Education OR Secondary Education,,SDG4
Culturally Diverse Students,,SDG4
Curriculum Reform,,SDG4
Developing Countries AND School Effects,,SDG4
Development Aid AND Teacher Training,,SDG4
Discriminatory,,SDG4
Early Childhood Care,,SDG4
Early Childhood Curriculum,,SDG4
Early Childhood Education,,SDG4
Early Childhood Pedagogy,,SDG4
Education Dropouts,,SDG4
Education Exclusion,,SDG4
Education Expenditure,,SDG4
Education Facilities,,SDG4
Education Indicators,,SDG4
Education Policy,Educational Policies,SDG4
Education Quality,,SDG4
Educational Access,,SDG4
Educational Enrolment,Educational Enrollment,SDG4
Educational Environment,,SDG4
Educational Financial Aid,,SDG4
Educational Gap,,SDG4
Educational Governance,,SDG4
Educational Outcomes,,SDG4
Educational Reform AND Developing Countries,,SDG4
Environmental Education,,SDG4
Equal Access AND Education,,SDG4
Equal Education,,SDG4
Equal Opportunities,,SDG4
Foreign Aid,,SDG4
Formal Education,Formal Traning,SDG4
Gender Disparity AND Education,Gender Disparities AND Education,SDG4
Global Citizenship,,SDG4
Inclusive Education System,,SDG4
Information And Communications Technology Skills,ICT Skills,SDG4
International Education,,SDG4
Learning Opportunities AND Gender Disparities OR Empowerment,Learning Opportunity AND Gender Disparities OR Empowerment,SDG4
Lifelong Learning Opportunities,,SDG4
Māori And Pacific Admission Scheme,MAPAS,SDG4
National Education Policies,,SDG4
Non-Formal Education,Non-Formal Traning,SDG4
Numeracy,,SDG4
Numeracy Rate,,SDG4
Official Development Assistance AND Scholarship* OR Education,,SDG4
Organized Learning,,SDG4
Pasifika Early Childhood Education,,SDG4
Poverty Trap AND Schooling,,SDG4
Pre-Primary Education,,SDG4
Pre-Service Early Childhood Education,,SDG4
Professional Learning,,SDG4
Safe OR Non-Violent OR Inclusive OR Effective AND Learning Environment*,,SDG4
Safety In School,,SDG4
Scholarships,,SDG4
School Curriculum,,SDG4
School Enrolment,School Enrollment,SDG4
School Enrolment,,SDG4
School Safety,,SDG4
Schooling AND Ethnic Disparities,,SDG4
Schooling AND Gender Disparities,,SDG4
Schooling AND Racial Disparities,,SDG4
Special Education Needs,,SDG4
Special Education Policy,,SDG4
Student Assessment,,SDG4
Sustainable Development Education,,SDG4
Te Whāriki,,SDG4
Teacher Attrition,,SDG4
Teacher Training AND Developing Countries,,SDG4
Technology Education,,SDG4
Tertiary Institutions,,SDG4
Universal Education,,SDG4
Women Empowerment,,SDG4
Youth Empowerment,,SDG4
Adolescent Sexual and Reproductive Health,,SDG5
Battered Women,Battered Woman,SDG5
Child Sexual Abuse,CSA,SDG5
Child Sexual Exploitation,CSE,SDG5
Commercial Sexual Exploitation,CSE,SDG5
Commercial Sexual Exploitation of Children,CSEC,SDG5
Domestic Minor Sex Trafficking,,SDG5
Domestic Violence,,SDG5
Domestic Violence Abuse ,DVA,SDG5
Family Violence,,SDG5
Female Genital Mutilation,Female Genital Cutting; Female Genital Mutilation/Cutting; FGM; FGMC; FGC,SDG5
Female Labour Force,,SDG5
Female Labour Force Participation,Female Labor Force Participation,SDG5
Female Sex Workers ,FSWS,SDG5
Feminism,,SDG5
Gender Discrimination,,SDG5
Gender Disparities,,SDG5
Gender Equality,,SDG5
Gender Equity,,SDG5
Gender Gap,,SDG5
Gender Inequality,Gender Inequalities,SDG5
Gender Wage Gap,,SDG5
Gender-Based Violence,GBV,SDG5
International Human Rights Law,,SDG5
Intimate Partner Violence,Sexual Intimate Partner Violence;  IPV,SDG5
Intimate Partner Violence Against Women,IPVAW,SDG5
Lesbian Gay Bisexual Transgender,LGBT,SDG5
"Physical, Psychological and Sexual Violence",,SDG5
Psychological Physical Sexual Emotional Violence,,SDG5
Reproductive Health,,SDG5
Reproductive Rights,,SDG5
Sex Offenses,,SDG5
Sexism,,SDG5
Sexual Abuse,,SDG5
Sexual and Reproductive Health,Women's Sexual and Reproductive Health; Reproductive and Sexual Health; SRH,SDG5
Sexual and Reproductive Health and Rights,SRHR,SDG5
Sexual and Reproductive Health Care,,SDG5
Sexual Assault,,SDG5
Sexual Crime,,SDG5
Sexual Education,Sex Education,SDG5
Sexual Gender-Based Violence,SGBV,SDG5
Sexual Violence,,SDG5
Spouse Abuse,,SDG5
Violence Against Women Act,VAWA,SDG5
Women's Empowerment,,SDG5
Women's Rights,,SDG5
Access AND Family Planning Services,,SDG5
Access AND Reproductive Healthcare,,SDG5
Agrarian Feminism,,SDG5
Antiwomen,Anti-Women,SDG5
Benevolent Sexism,,SDG5
Child Marriage,Child Marriages,SDG5
Contraceptive Behaviour,,SDG5
Contraceptive Use,,SDG5
Discrimination AND Women OR Girls,,SDG5
Early Marriage,,SDG5
Employment Equity,,SDG5
Empower Girls,,SDG5
Empower Women,,SDG5
Empowerment of Women,,SDG5
Equality AND Divorce Rights,,SDG5
Equality AND Reproductive Rights,,SDG5
Equality AND Sexual Rights,,SDG5
Female Entrepreneurship,,SDG5
Female Exploitation,,SDG5
Female Genital Mutilation,Female Genital Cutting,SDG5
Female Genital Mutilation,,SDG5
Female Infanticide,Female Infanticides,SDG5
Female Leader,,SDG5
Female Managers,,SDG5
Female Ownership,,SDG5
Female Political Participation,Women's Political Participation,SDG5
Female Politician,,SDG5
Female Smallholder,,SDG5
Feminist Critiques,,SDG5
Forced Marriage,,SDG5
Forced Marriages,,SDG5
Forced Prostitution,,SDG5
Foreign Aid AND Women's Empowerment,,SDG5
Gender Inequality,,SDG5
Gender Injustice,Gender Injustices,SDG5
Gender Mainstreaming,,SDG5
Gender Parity,,SDG5
Gender Participation,,SDG5
Gender Quota,,SDG5
Gender Segregation,,SDG5
Gender-Based Violence,,SDG5
Gender-Responsive Budgeting,,SDG5
Honour Killing,Honor Killing; Honour Killings; Honor Killings,SDG5
Hostile Sexism,HS,SDG5
Household Equity,,SDG5
Human Trafficking,,SDG5
Information and Communications Technology AND Women OR Female,ICT and Women OR Female,SDG5
Intra-Household Allocation,,SDG5
Managerial Positions AND Women OR Female,,SDG5
Microfinance,,SDG5
Misogyny,,SDG5
Occupational Segregation,,SDG5
Physical and Sexual Abuse,,SDG5
Physical and Sexual Violence,,SDG5
Physical Violence AND Women OR Girls,,SDG5
Psychological Violence AND Women OR Girls,,SDG5
Reproductive Health Care,,SDG5
Sexual and Reproductive Health,,SDG5
Sexual and Reproductive Health Rights,,SDG5
Sexual and Reproductive Primary Care,,SDG5
Sexual Exploitation,,SDG5
Sexual Exploitation and Abuse,,SDG5
Unpaid Care Work AND Gender Inequality,,SDG5
Unpaid Work AND Gender Inequality,,SDG5
Violence Against Women,,SDG5
Violence AND Women OR Girls,,SDG5
Women AND Violence,Girl* AND Violence,SDG5
Women In Leadership,Female Leadership,SDG5
Women Labour Force Participation,Women Labor Force Participation,SDG5
Women's Autonomy,,SDG5
Women's Economic Development,,SDG5
Womens' Employment,Female Employment,SDG5
Women's Empowerment,Girls' Empowerment; Female Empowerment,SDG5
Women's Livelihood,,SDG5
Women's Ownership,,SDG5
Women's Power,,SDG5
Women's Sexual and Reproductive Health,,SDG5
Women's Underrepresentation,,SDG5
Women's Unemployment,Female Unemployment,SDG5
Access AND Safe Drinking Water,,SDG6
Activated Sludge,,SDG6
Activated Sludge Process,,SDG6
Advanced Wastewater Treatment,,SDG6
Aquatic Ecosystems,,SDG6
Aquatic Environment,,SDG6
Aquifer,,SDG6
Chemical Oxygen Demand,COD,SDG6
Clean Drinking Water,,SDG6
Clean Water,,SDG6
Desalination,,SDG6
Domestic Wastewater Treatment,,SDG6
Drinking Water,Potable Water,SDG6
Drinking Water Distribution,,SDG6
Drinking Water Distribution Systems,,SDG6
Drinking Water Quality,,SDG6
Drinking Water Sources,,SDG6
Drinking Water Supply,Drinking Water Supplies,SDG6
Drinking Water Treatment,,SDG6
Drinking Water Treatment Plants,,SDG6
Fresh Water,,SDG6
Freshwater Resources,,SDG6
Groundwater Pollution,,SDG6
Groundwater Quality,,SDG6
Groundwater Resources,,SDG6
Integrated Water Resources Management,Integrated Water Resource Management; IWRM,SDG6
Irrigation Water,,SDG6
Membrane Bioreactor,MBR,SDG6
Moving Bed Biofilm Reactor,MBBR,SDG6
Potable Water,,SDG6
Quality Drinking Water,,SDG6
Quality Water,,SDG6
Recycled Water,Reclaimed Water,SDG6
Recycled Water,,SDG6
Reverse Osmosis,RO,SDG6
Safe Drinking Water,,SDG6
Sewage Treatment,,SDG6
Sewage Treatment Plant,,SDG6
Sewage Treatment Plants,STPS,SDG6
Soil Water Assessment Tool,SWAT,SDG6
Sustainable Water Management,,SDG6
Tap Water,,SDG6
Total Suspended Solids,TSS,SDG6
Treated Water,,SDG6
Urban Wastewater,,SDG6
Urban Wastewater Treatment,,SDG6
Urban Wastewater Treatment Plants,,SDG6
Waste Water,,SDG6
Waste Water Management,,SDG6
Waste Water Treatment,,SDG6
Wastewater,,SDG6
Wastewater Effluent,,SDG6
Wastewater Reclamation,,SDG6
Wastewater Reuse,,SDG6
Wastewater Treatment,,SDG6
Wastewater Treatment Facility,Wastewater Treatment Facilities,SDG6
Wastewater Treatment Plant,Wastewater Treatment Plants; Waste Water Treatment Plant; Waste Water Treatment Plants; WWTP; WWTPs,SDG6
Wastewater Treatment Process,Wastewater Treatment Processes,SDG6
Wastewater Treatment System,Wastewater Treatment Systems,SDG6
Wastewater Treatment Technology,,SDG6
Water Analysis,,SDG6
Water Availability,,SDG6
Water Bodies,,SDG6
Water Conservation,,SDG6
Water Contamination,,SDG6
Water Demand,,SDG6
Water Desalination,,SDG6
Water Distribution System,Water Distribution Systems,SDG6
Water Efficiency,,SDG6
Water Environment,,SDG6
Water Filtration,,SDG6
Water Footprint,,SDG6
Water Management,,SDG6
Water Pollutant,,SDG6
Water Pollution,,SDG6
Water Purification,,SDG6
Water Quality,,SDG6
Water Quality Index,WQI,SDG6
Water Quality Parameters,,SDG6
Water Quality Standards,,SDG6
Water Recycling,,SDG6
Water Resource,Water Resources,SDG6
Water Resource Management,Water Resources Management,SDG6
Water Reuse,,SDG6
Water Scarcity,,SDG6
Water Source,Water Sources,SDG6
Water Stress,,SDG6
Water Supply,,SDG6
Water Supply System,,SDG6
Water Treatment,,SDG6
Water Treatment Plants,,SDG6
Water Treatment Processes,,SDG6
Water Use,,SDG6
"Water, Sanitation and Hygiene",WASH,SDG6
Affordable Drinking Water,,SDG6
Black Water,,SDG6
Blue Water,,SDG6
Clean AND Drinking Water,,SDG6
Clean AND Water Source,,SDG6
Dairy Farm Wastewater,,SDG6
Domestic Wastewater,,SDG6
Drinking Water Services,,SDG6
Equitable Sanitation,,SDG6
Freshwater AND Groundwater,Freshwater AND Ground Water; Freshwater AND Ground-Water,SDG6
Freshwater AND Sanit*,,SDG6
Freshwater AND Sewer*,,SDG6
Freshwater AND Waste Water AND “Treatment”,Freshwater AND Wastewater AND “Treatment”,SDG6
Freshwater AND Water Conservation,,SDG6
Freshwater AND Water Footprint,,SDG6
Freshwater AND Water Infrastructure,,SDG6
Freshwater AND Water Pollution,,SDG6
Freshwater AND Water Purification,,SDG6
Freshwater AND Water Quality AND Pollutant,Freshwater AND Water Quality AND Pollution; Freshwater AND Water Quality AND Contamina*; Fres Hwater AND Water Quality AND Pollutant; Fresh Water AND Water Quality AND Pollution; Fresh Water AND Water Quality AND Contamina*,SDG6
Freshwater AND Water Security AND “Treatment”,,SDG6
Freshwater AND Water Shortage AND “Treatment”,,SDG6
Freshwater AND Water Use,Freshwater AND Water Uses,SDG6
Freshwater Availability,Fresh Water Availability,SDG6
Freshwater Ecosystems,,SDG6
Green Water,,SDG6
Grey Water,,SDG6
Hand-Washing Facility,,SDG6
Inadequate Water Supply,,SDG6
Industrial Wastewater,,SDG6
Industrial Wastewater Treatment,,SDG6
Lake Water Quality,,SDG6
Official Development Assistance AND Water AND Sanitation ,,SDG6
Open Defecation,,SDG6
Pit Lake Water Quality,,SDG6
Protect* AND Aquifer*,,SDG6
Protect* AND Water AND Ecosystem*,,SDG6
Protect* AND Wetland*,,SDG6
Restor* AND Aquifer*,,SDG6
Restor* AND Water AND Ecosystem*,,SDG6
Restor* AND Wetland*,,SDG6
River Bank Filtration,RBF,SDG6
Safe AND Drinking Water,,SDG6
Safe AND Water Access,,SDG6
Sanitation Services,,SDG6
Sustainable Supply AND Freshwater,,SDG6
Sustainable Withdrawals AND Freshwater,,SDG6
Transboundary Cooperation,,SDG6
Ultrafiltration,,SDG6
Untreated Wastewater,,SDG6
Wastewater Treatment Systems,,SDG6
Water AND Ecosystem AND Endocrine Disruptor AND Not Marine,Water AND Ecosystem AND Endocrine Disruptors AND Not Marine; Water AND Eco-System AND Endocrine Disruptor AND Not Marine; Water AND Eco-System AND Endocrine Disruptor AND Not Marine,SDG6
Water AND Ecosystem AND Protection of AND Not Marine,Water AND Eco-System AND Protection of AND Not Marine,SDG6
Water AND Quality AND Antifouling Membrane,Water AND Quality AND Antifouling Membranes; Water AND Quality AND Anti-Fouling Membrane; Water AND Quality AND Anti-Fouling Membranes,SDG6
Water AND Quality AND Aquatic Ecotoxicology,Water AND Quality AND Water Ecotoxicology,SDG6
Water AND Quality AND Aquatic Toxicology,Water AND Quality AND Water Toxicology,SDG6
Water AND Quality AND Clean Water,,SDG6
Water AND Quality AND Hygienic Toilet,Water AND Quality AND Hygienic Toilets,SDG6
Water AND Quality AND Water Management,,SDG6
Water AND Quality AND Water Supply,Water AND Quality AND Water Supplies,SDG6
Water AND Quality AND Water-Use Efficiency,,SDG6
Water AND Resource AND Antifouling Membrane,Water AND Resource AND Antifouling Membranes; Water AND Resource AND Anti-Fouling Membrane; Water AND Resource AND Anti-Fouling Membranes,SDG6
Water AND Resource AND Aquatic Ecotoxicology,Water AND Resource AND Water Ecotoxicology,SDG6
Water AND Resource AND Aquatic Toxicology,Water AND Resource AND Water Toxicology,SDG6
Water AND Resource AND Clean Water,,SDG6
Water AND Resource AND Hygienic Toilet,Water AND Resource AND Hygienic Toilets,SDG6
Water AND Resource AND Water Management,,SDG6
Water AND Resource AND Water Supply,Water AND Resource AND Water Supplies,SDG6
Water AND Resource AND Water-Use Efficiency,,SDG6
Water AND Sanitation & Hygiene AND Antifouling Membrane,Water AND Sanitation & Hygiene AND Antifouling Membranes; Water AND Sanitation & Hygiene AND Anti-Fouling Membrane; Water AND Sanitation & Hygiene AND Anti-Fouling Membranes,SDG6
Water AND Sanitation & Hygiene AND Aquatic Ecotoxicology,Water AND Sanitation & Hygiene AND Water Ecotoxicology,SDG6
Water AND Sanitation & Hygiene AND Aquatic Toxicology,Water AND Sanitation & Hygiene AND Water Toxicology,SDG6
Water AND Sanitation & Hygiene AND Clean Water,,SDG6
Water AND Sanitation & Hygiene AND Hygienic Toilet,Water AND Sanitation & Hygiene AND Hygienic Toilets,SDG6
Water AND Sanitation & Hygiene AND Water Management,,SDG6
Water AND Sanitation & Hygiene AND Water Supply,Water AND Sanitation & Hygiene AND Water Supplies,SDG6
Water AND Sanitation & Hygiene AND Water-Use Efficiency,,SDG6
Water AND Sanitation AND Hygiene AND Antifouling Membrane,Water AND Sanitation and Hygiene AND Antifouling Membranes; Water AND Sanitation AND Hygiene AND Anti-Fouling Membrane; Water AND Sanitation AND Hygiene AND Anti-Fouling Membranes,SDG6
Water AND Sanitation AND Hygiene AND Aquatic Ecotoxicology,Water AND Sanitation and Hygiene AND Water Ecotoxicology,SDG6
Water AND Sanitation AND Hygiene AND Aquatic Toxicology,Water AND Sanitation and Hygiene AND Water Toxicology,SDG6
Water AND Sanitation AND Hygiene AND Clean Water,,SDG6
Water AND Sanitation AND Hygiene AND Hygienic Toilet,Water AND Sanitation and Hygiene AND Hygienic Toilets,SDG6
Water AND Sanitation AND Hygiene AND Water Management,,SDG6
Water AND Sanitation AND Hygiene AND Water Supply,Water AND Sanitation AND Hygiene AND Water Supplies,SDG6
Water AND Sanitation AND Hygiene AND Water-Use Efficiency,,SDG6
Water and Sanitation Management,,SDG6
Water AND Water Management AND Pollutant Removal,,SDG6
Water AND Water Management AND Pollution Remediation,,SDG6
Water Cooperation,,SDG6
Water Ecosystems,,SDG6
Water Harvesting,,SDG6
Water Pollution AND Waste Water AND “Treatment”,Water Pollutant AND Wastewater  AND “Treatment”,SDG6
Water Resources Management,,SDG6
Water Sources,,SDG6
Water Supplies,,SDG6
Water Supply Resilience,,SDG6
Water Supply Systems,,SDG6
Water-Related Ecosystems,,SDG6
Water-Use Efficiency,,SDG6
Alternative Energy Sources,,SDG7
Battery Electric Vehicles,BEVs,SDG7
Battery Energy Storage System,Battery Energy Storage Systems; BESS,SDG7
Biofuel,,SDG7
Blade Element Momentum Theory,,SDG7
Bulk Heterojunction Solar Cells,,SDG7
Clean Energy,,SDG7
Compressed Air Energy Storage,CAES,SDG7
Concentrated Solar Power,,SDG7
Dye-Sensitized Solar Cells ,DSSCs; DSCs,SDG7
Energy Conversion System,,SDG7
Energy Efficiency,,SDG7
Energy Management System,EMS,SDG7
Energy Storage System,Energy Storage Systems,SDG7
Energy Storage System ,ESS,SDG7
Fuel Cell,Fuel Cells,SDG7
Home Energy Management System,,SDG7
Horizontal Axis Wind Turbine,Horizontal Axis Wind Turbines; HAWT,SDG7
Hybrid Electric Vehicles,Hybrid Electric Vehicle; HEV; HEVs,SDG7
Hybrid Energy Storage System,,SDG7
Hybrid Energy System,Hybrid Power System,SDG7
Hybrid Power Generation System,,SDG7
Hybrid Renewable Energy System,Hybrid Renewable Energy Systems,SDG7
Hybrid Renewable Energy System,Hybrid Renewable Energy Systems; HRES,SDG7
Hydroelectric Power,,SDG7
Intermittent Renewable Energy,,SDG7
Intermittent Renewable Energy Sources,,SDG7
Large Scale Wind Power,,SDG7
Large-Scale Wind Power Integration,,SDG7
Lithium Ion Battery,Lithium Ion Batteries; Lithium-Ion Battery; Lithium-Ion Batteries; LIB; LIBs,SDG7
Maximum Power Point Tracking,MPPT,SDG7
National Renewable Energy Laboratory,NREL,SDG7
Offshore Wind Energy,,SDG7
Offshore Wind Farm,Offshore Wind Farms,SDG7
Offshore Wind Turbines,,SDG7
Organic Solar Cells,,SDG7
Permanent Magnet Synchronous Generator,PMSG,SDG7
Perovskite Solar Cells,,SDG7
Photocatalytic Water Splitting,,SDG7
Photoelectrochemical Pec Water Splitting,,SDG7
Photoelectrochemical Water Splitting,,SDG7
Photovoltaic,,SDG7
Photovoltaic Cells,,SDG7
Photovoltaic System,,SDG7
Plugin Electric Vehicles,PEVS,SDG7
Plugin Hybrid Electric Vehicle,Plugin Hybrid Electric Vehicles; PHEVs,SDG7
Polymer Solar Cells,,SDG7
Renewable Energy,Renewable Energies,SDG7
Renewable Energy Generation,,SDG7
Renewable Energy Production,,SDG7
Renewable Energy Source,Renewable Energy Sources; RES,SDG7
Renewable Energy System,Renewable Energy Systems,SDG7
Renewable Energy Technologies,,SDG7
Renewable*,,SDG7
Smart Grid,Smart Grids,SDG7
Smart Grid Technology,Smart Grid Technologies,SDG7
Smart Meter,Smart Meters,SDG7
Smart Power Grids,,SDG7
Solar Cell,Solar Cells,SDG7
Solar Energy,,SDG7
Solar Energy Conversion,,SDG7
Solar Energy Conversion Efficiency,,SDG7
Solar Power,,SDG7
Superconducting Magnetic Energy Storage,,SDG7
Sustainable Energy,,SDG7
Thermal Energy,,SDG7
Thermal Energy Storage,TES,SDG7
Thermal Power Plants,,SDG7
Variable Speed Wind Turbine,Variable Speed Wind Turbines,SDG7
Vertical Axis Wind Turbine,VAWT,SDG7
Water Splitting,,SDG7
Wind Energy,Wind Power,SDG7
Wind Energy Conversion,,SDG7
Wind Energy Conversion System,,SDG7
Wind Energy System,Wind Energy Systems,SDG7
Wind Farm,Wind Farms,SDG7
Wind Power Development,,SDG7
Wind Power Generation,,SDG7
Wind Power Generation System,Wind Power Generation Systems,SDG7
Wind Power Generator,,SDG7
Wind Power Integration,,SDG7
Wind Power Penetration,,SDG7
Wind Power Plants,Wind Power Plant,SDG7
Wind Power System,Wind Power Systems,SDG7
Wind Turbine,Wind Turbines; WT,SDG7
Wind Turbine Blade,Wind Turbine Blades,SDG7
Wind Turbine Generator,Wind Turbine Generators; WTG; WTGs,SDG7
Wind Turbine Generator System,,SDG7
Wind Turbine Power Curve,,SDG7
2000 Watt Society,,SDG7
Advanced Fossil-Fuel Technology,,SDG7
Affordable Electricity,,SDG7
Affordable Energy,,SDG7
Alternative Energy,,SDG7
Battery Energy Storage,,SDG7
Clean Cooking Fuel,,SDG7
Clean Energy Development,,SDG7
Clean Energy Research,,SDG7
Clean Energy Technology,,SDG7
Clean Fuel,,SDG7
Clean Fuel,Clean Fuels,SDG7
Clean Fuel Technology,,SDG7
Clean Fuels,,SDG7
Cleaner Fossil Fuel Technology,,SDG7
Cleaner Fossil-Fuel Technology,,SDG7
Dielectric Elastomer Generators,DEG,SDG7
Diffuser-Augmented Wind Turbine ,Diffusern Augmented Wind Turbine; DAWT,SDG7
District Heat,District Heating,SDG7
Domestic Energy Consumption,,SDG7
Electric Vehicle ,"Electric Vehicles; EV, EVs",SDG7
Electricity Consumption,,SDG7
Electromagnetic Energy Harvester,EMEH,SDG7
Energiewende,,SDG7
Energy Access,,SDG7
Energy Conservation,,SDG7
Energy Consumption,,SDG7
Energy Development AND Developing Countries,,SDG7
Energy Equity,,SDG7
Energy Governance,,SDG7
Energy Infrastructure,,SDG7
Energy Intensity AND GDP,,SDG7
Energy Intensity AND Primary Energy,,SDG7
Energy Justice,,SDG7
Energy Ladder,,SDG7
Energy Policy,,SDG7
Energy Poverty,,SDG7
Energy Research,,SDG7
Energy Security,,SDG7
Energy Storage,,SDG7
Energy Technology,,SDG7
Energy Transition,,SDG7
Foreign Development Aid AND Renewable Energy,,SDG7
Fuel Poverty,,SDG7
Fuel Switching,,SDG7
Galloping-Based Piezoelectric Energy Harvester,Galloping Based Piezoelectric Energy Harvester,SDG7
Heat Network,,SDG7
Hybrid Energy,,SDG7
Hybrid Energy Storage,,SDG7
Hydroelectric,,SDG7
Hydrogen Production,,SDG7
Life-Cycle Assessment,Life Cycle Assessment; Life-Cycle Assessments; Life Cycle Assessments,SDG7
Lithium-Ion Battery,Lithium-Ion Batteries,SDG7
Low-Carbon Society,,SDG7
Modern Electricity,,SDG7
Modern Energy,,SDG7
Official Development Assistance AND Electricity,,SDG7
Photocatalytic Activity,,SDG7
Photochemistry AND Renewable Energy,,SDG7
Power Consumption,,SDG7
Reliable Electricity,,SDG7
Reliable Energy,,SDG7
Renewable Energy,,SDG7
Renewable Energy Resources,,SDG7
Renewable Power,,SDG7
Residential Energy Consumption,,SDG7
Rural Electrification,,SDG7
Smart Microgrid,Smart Microgrids; Smart Micro-Grid; Smart Micro-Grids,SDG7
Solar Radiation AND Electricity,,SDG7
Sustainable Energy Services,,SDG7
Wind Power,,SDG7
Wind Turbine System,,SDG7
*Touris* AND GDP,,SDG8
Active Labour Market Policies,ALMPS,SDG8
Circular Economy,,SDG8
Circular Economy,CE,SDG8
Computable General Equilibrium,CGE,SDG8
Computable General Equilibrium Model,CGE Model,SDG8
Economic Activity,Economic Activities,SDG8
Economic Development,,SDG8
Economic Development Level,,SDG8
Economic Growth,,SDG8
Economic Growth,Economic Growths,SDG8
Economic Growth AND Renewable Energy,Economic Growth AND Renewable Energy Consumption,SDG8
Economic Growth AND Trade Openness,,SDG8
Economic Growth Rates,,SDG8
Economic Impact,,SDG8
Ecotourism,,SDG8
Electricity Consumption AND Economic Growth,Economic Growth Electricity Consumption,SDG8
Financial Development AND Economic Growth,Economic Growth AND Financial Development,SDG8
Financial Development Trade Openness,,SDG8
General Equilibrium Model AND Econ*,,SDG8
Gross Domestic Product Growth,GDP Growth,SDG8
Gross Domestic Product per Capita,GDP per Capita,SDG8
Human Capital Economic Growth,,SDG8
Job Creation,,SDG8
Job Destruction,,SDG8
Labor Market Institutions,,SDG8
Labour Market,Labor Market; Labour Markets; Labor Markets,SDG8
Local Economic Development,LED,SDG8
Micro And Small Enterprises,MSES,SDG8
"Micro, Small And Medium Enterprises",MSMES,SDG8
Micro-Enterprises,,SDG8
Microfinanc*  ,Micro-Financ*  ,SDG8
Microfinance,,SDG8
Microfinance Institutions,MFIS,SDG8
Negative Impact AND Economic Growth,,SDG8
Real Gross Domestic Product,Real GDP,SDG8
Small And Medium Enterprise,Small and Medium Enterprises; Small and Medium-Sized Enterprise; Small and Medium-Sized Enterprises; Small- and Medium-Sized Enterprises; SME; SMEs,SDG8
"Small, Medium And Micro Enterprises",SMMES,SDG8
Socio-Economic Development,,SDG8
Sustainable Economic,,SDG8
Sustainable Economic Development,,SDG8
Sustainable Economic Growth,,SDG8
Sustainable Growth,,SDG8
Sustainable Tourism AND GDP,,SDG8
Sustainable Tourism Development,,SDG8
Tourism AND Economic Growth,,SDG8
Tourism Development AND Gdp,,SDG8
Trade Union,Trade Unions,SDG8
Trade Union Movement,,SDG8
Access to Banking,,SDG8
Aid for Trade,,SDG8
Average Hourly Earnings,,SDG8
Carbon Offset,Carbon Offsetting; Carbon Offsets,SDG8
Child Labour,Child Labor,SDG8
Child Soldier,Child Soldiers,SDG8
Child Soldiers,,SDG8
Climate Action,,SDG8
Community-Based Tourism,CBT,SDG8
Community-Based Tourism,,SDG8
Cradle to Cradle  AND  Economy,,SDG8
Decent Job,Decent Jobs,SDG8
Decent Work,,SDG8
Domestic Financial Institutions,,SDG8
Domestic Material Consumption,,SDG8
Economic Benefits,,SDG8
Economic Decoupling,,SDG8
Economic Development Policy,,SDG8
Economic Development Strategy,Economic Development Strategies,SDG8
Economic Diversification,,SDG8
Economic Globalisation,Economic Globalization,SDG8
Economic Growth AND Employment,,SDG8
Economic Growth AND Productivity,,SDG8
Economic Growth Rate,Economic Growth Rates,SDG8
Economic Productivity,,SDG8
Employment Contracts Act,,SDG8
Employment Opportunities,,SDG8
Employment Policy,,SDG8
Employment Protection,,SDG8
Entrepreneurship,,SDG8
Equal Income,,SDG8
Equal Pay for Work of Equal Value,,SDG8
Equal Wages,,SDG8
Fatal Occupational Injuries,,SDG8
Financial Access,,SDG8
Financial Inclusion,,SDG8
Forced Labour,Forced Labor,SDG8
Foreign Development Investment,,SDG8
Full Employment,,SDG8
Global Jobs,,SDG8
Global Jobs Pact,,SDG8
Global Trade,,SDG8
Growth Rate AND Real Gdp,,SDG8
Human Trafficking,,SDG8
Inclusive Economic Growth,,SDG8
Inclusive Economy,,SDG8
Inclusive Growth,,SDG8
Informal Employment,,SDG8
International Labour Organization,,SDG8
Labour Market,,SDG8
Labour Market Disparities,,SDG8
Labour Market Institution,Labor Market Institution; Labour Market Institutions; Labor Market Institutions,SDG8
Labour Right,Labor Right; Labour Rights; Labor Rights,SDG8
Labour rights,,SDG8
Living Wage,,SDG8
Local Economic Development Policy,,SDG8
Low-Carbon Economy,,SDG8
Material Footprint,,SDG8
Medium Enterprise,Medium Enterprises,SDG8
Medium Entrepreneur,Medium Entrepreneurs,SDG8
Micro Finance,,SDG8
"Micro-, Small- And Medium-Sized Enterprises",,SDG8
Microcredit*,Micro-Credit*  ,SDG8
Microenterprise*,Micro-Enterprise*,SDG8
Migrant Workers,,SDG8
Minimum Wage,,SDG8
Modern Slavery,,SDG8
Non-Fatal Occupational Injuries,,SDG8
"Not In Education, Employment, or Training",,SDG8
Offset Project,Offset Projects,SDG8
per Capita Gross Domestic Product,per Capita GDP,SDG8
Precarious Employment,,SDG8
Precarious Job,Precarious Jobs,SDG8
Productive Employment,,SDG8
Quality Job,Quality Jobs,SDG8
Quality Jobs,,SDG8
Rate of Economic Growth,,SDG8
Resource Efficiency,,SDG8
Rural Economy,,SDG8
Safe Work,,SDG8
Safe Working Environment,,SDG8
Safe Working Environments,,SDG8
Secure Work,,SDG8
Secure Working Environments,,SDG8
Small Business,Small Businesses,SDG8
Small Enterprise,Small Enterprises,SDG8
Small Enterprises,,SDG8
Small Entrepreneur,Small Entrepreneurs,SDG8
Social Entrepreneurship,,SDG8
Stable Employment,,SDG8
Stable Jobs,,SDG8
Starting Entrepreneur,Starting Entrepreneurs,SDG8
Sustainable Tourism,,SDG8
Sustainable Tourism Policy,,SDG8
The 10-Year Framework of Programmes on Sustainable Consumption And Production,,SDG8
The Enhanced Integrated Framework for Trade-Related Technical Assistance to Least Developed Countries,,SDG8
The International Labour Organization,,SDG8
Total Factor Productivity,TFP,SDG8
Total Factor Productivity Growth,TFP Growth,SDG8
Tourism AND GDP,,SDG8
Tourism Economics,,SDG8
Tourism Employment,,SDG8
Unemployment,,SDG8
Unemployment Rate,,SDG8
Work Opportunities,,SDG8
Working Poor,,SDG8
World Trade,,SDG8
Youth Employment,,SDG8
Youth Minimum Wage,,SDG8
Youth Unemployment,,SDG8
Inclusive OR Sustainable AND Industrialization,,SDG9
Access AND Information and Communications Technology,Access AND Information and Communications Technologies; Access AND  Information and Communication Technology; Access and Information AND  Communication Technologies; Access AND ICT,SDG9
Access to the Internet,,SDG9
Accessible Transportation,,SDG9
Asian Infrastructure Investment Bank,AIIB,SDG9
Broadband Access AND Developing Countries,,SDG9
Clean Industrial Processes,,SDG9
Clean Technologies,,SDG9
Closed Loop Supply Chain,,SDG9
Community Innovation Survey,CIS,SDG9
Conducive Policy AND Industrial Diversification,,SDG9
Conducive Policy AND Inter Alia,,SDG9
Conducive Policy AND Value Addition,,SDG9
Cradle To Cradle AND Industry,,SDG9
Development AND Information Communication Technology,,SDG9
Development AND Small Medium Enterprises,,SDG9
Domestic Technology Development,,SDG9
Environmentally Sound Industrial Processes,,SDG9
Environmentally Sound Technologies,,SDG9
Foster Innovation,,SDG9
Green Product,Green Products,SDG9
ICT Infrastructure,,SDG9
Inclusive Innovation,,SDG9
Inclusive Transportation,,SDG9
Industrial Development,,SDG9
Industrial Diversification,,SDG9
Industrial Emissions AND Mitigation,,SDG9
Industrial Growth,,SDG9
Industrial Performance,,SDG9
Industrial Waste Management,,SDG9
Industrial Waste Treatment,,SDG9
Industrial  AND Innovation,,SDG9
Industry 4.0,,SDG9
Information and Communications Technology for Development,ICT4D,SDG9
Infrastructural Development,,SDG9
Infrastructure Development,,SDG9
Infrastructure Investment,,SDG9
Infrastructure Investment,Infrastructural Investment,SDG9
Innovation Management,,SDG9
Innovation Processes,,SDG9
Innovation System,,SDG9
Manufacturing Employment,,SDG9
Manufacturing Firms,,SDG9
Manufacturing Industry,,SDG9
Manufacturing Innovation,,SDG9
Manufacturing Investment,,SDG9
Manufacturing Value,,SDG9
Medium Enterprise,Medium Enterprises,SDG9
Medium Entrepreneur,Medium Entrepreneurs,SDG9
Microenterprise*,Micro-Enterprise*,SDG9
Official Development Assistance AND Infrastructure,,SDG9
Official International Support AND Infrastructure,,SDG9
Process Innovation,,SDG9
Product AND Process Innovation,Product Process Innovations,SDG9
Product Innovation,,SDG9
Public Infrastructure,,SDG9
Public Infrastructure,Public Infrastructures,SDG9
R&D Investment,,SDG9
Regional Infrastructure,,SDG9
Regional Innovation System,,SDG9
Resilient Infrastructure,Resilient Infrastructures,SDG9
Resilient Infrastructure,,SDG9
Resource-Use Efficiency,,SDG9
Retrofit Industries AND Sustainable,,SDG9
Small Enterprise,Small Enterprises,SDG9
Small Entrepreneur,Small Entrepreneurs,SDG9
Small-Scale Industries,,SDG9
Sustainable Industrialisation,,SDG9
Sustainable Infrastructure,,SDG9
Sustainable Manufacturing,,SDG9
Sustainable Transportation,,SDG9
Technological Innovation,,SDG9
Technology Innovation,,SDG9
The National Innovation System ,NIS,SDG9
Traffic Congestion,,SDG9
Transborder Infrastructure,Transborder Infrastructures,SDG9
Transborder Infrastructure,,SDG9
Transportation Services,,SDG9
Upgrade Infrastructure AND Sustainable,,SDG9
Value Chain Management,,SDG9
Affordable Housing,,SDG10
Ageism,,SDG10
Bilateral Foreign Direct Investment,,SDG10
Bilateral Investment Treaties,,SDG10
Corporate Social Responsibility,,SDG10
Economic Inequality,,SDG10
Equal Opportunities,,SDG10
Female Genital Mutilation ,FGM,SDG10
Financial Assistance,,SDG10
Foreign Aid,,SDG10
Gender Differences,,SDG10
Gender Equality,,SDG10
Gender Inequality,,SDG10
Health Care Access,,SDG10
Health Disparities,,SDG10
Health Disparity,Health Disparities,SDG10
Health Inequalities,,SDG10
Health Status Disparities,,SDG10
Healthcare Disparities,,SDG10
Homophobia,,SDG10
Homosexuality,,SDG10
Household Income Inequality,,SDG10
Human Rights,,SDG10
Human Rights Law,,SDG10
Human Rights Violations,,SDG10
Income Inequality,,SDG10
International Human Rights,,SDG10
International Human Rights Law,,SDG10
International Human Rights Standards,,SDG10
International Human Rights Treaties,,SDG10
International Humanitarian Law,,SDG10
Intimate Partner Violence,,SDG10
LGBT,,SDG10
Low Socioeconomic,Lower Socioeconomic,SDG10
Low Socioeconomic Status,Lower Socioeconomic Status,SDG10
Official Development Assistance,ODA,SDG10
Preferential Trade Agreements,PTAs,SDG10
Racism,,SDG10
Sex Difference,,SDG10
Sexism,,SDG10
Sexual Minority,,SDG10
Social Class,,SDG10
Social Discrimination,,SDG10
Social Dominance Orientation,,SDG10
Social Economic,,SDG10
Social Exclusion,,SDG10
Social Inclusion,,SDG10
Social Inequality,Social Inequalities,SDG10
Social Isolation,,SDG10
Social Justice,,SDG10
Social Policy,,SDG10
Social Protection,,SDG10
Social Security,,SDG10
Social Stigma,,SDG10
Social Support,,SDG10
Social Welfare,,SDG10
Socioeconomic Inequality,Socioeconomic Inequalities,SDG10
Socioeconomic Position,,SDG10
Socioeconomic Status,,SDG10
Universal Health Coverage,,SDG10
Ambivalent Sexism,,SDG10
Ambivalent Sexism Theory,,SDG10
Benevolent Sexism,BS,SDG10
Developing AND Duty-Free Access,,SDG10
Developing AND Tariff,Developing AND Tariffs,SDG10
Developing AND Zero-Tariff,,SDG10
Developing Countries AND Zero-Tariff,,SDG10
Development Assistance,,SDG10
Development Gap,Development Gaps,SDG10
Discriminatory Law*,,SDG10
Discriminatory Policy,Discriminatory Policies,SDG10
Discriminatory Practices,,SDG10
Economic Empowerment,,SDG10
Economic Inclusion,,SDG10
Economic Marginali?Ation,,SDG10
Economic Reform Policy,Economic Reform Policies,SDG10
Economic Transformation,,SDG10
Emigration AND Immigration,,SDG10
Emigration AND NOT Biodiversity,,SDG10
Emigration AND NOT Chemistry,,SDG10
Emigration AND NOT Disease,,SDG10
Equal Opportunity,,SDG10
Equality AND Economic,,SDG10
Equality AND Financial,,SDG10
Equality AND Socio-Economic,,SDG10
Ethnic Minority,,SDG10
Feminism,,SDG10
Financial Soundness Indicators,,SDG10
Fiscal  Protection Policies,,SDG10
Foreign Direct Investment,,SDG10
Foreign Direct Investment ,FDI,SDG10
Foreign Investment,,SDG10
Global Market AND Empowerment,,SDG10
Growth AND Household Expenditure,,SDG10
Health Care Disparity,,SDG10
Hostile Sexism,HS,SDG10
Human Dignity,,SDG10
Human Rights Abuse,Human Rights Abuses,SDG10
Immigration AND NOT Biodiversity,,SDG10
Immigration AND NOT Chemistry,,SDG10
Immigration AND NOT Disease,,SDG10
Income Growth,,SDG10
Indigenous AND *Equali*,,SDG10
Indigenous People AND *Equali*,,SDG10
Inequality AND Economic,,SDG10
Inequality AND Financial,,SDG10
Inequality AND Socio-Economic,,SDG10
Intimate Partner Violence ,IPV,SDG10
Labour Share,,SDG10
Least Developed Countries AND Zero-Tariff,,SDG10
Migrant Remittance,,SDG10
Migrant Remittances,,SDG10
Migration Policies,,SDG10
Migration Policy,Migration Policies,SDG10
North-South Divide,,SDG10
Official Development Assistance,,SDG10
Political Inclusion,,SDG10
Reduce Inequalities,,SDG10
Remittance Corridors,,SDG10
Remittance Costs,,SDG10
Responsible Migration,,SDG10
Social Dominance,,SDG10
Social Dominance Orientation ,SDO,SDG10
Social Protection Policy,Social Protection Policies,SDG10
Social Responsibility,,SDG10
Socioeconomic Deprivation,,SDG10
Wage Protection Policies,,SDG10
Air Pollutant,Air Pollutants,SDG11
Air Pollution,,SDG11
Air Pollution AND Particulate Matter,,SDG11
Air Pollution AND Public Health,,SDG11
Air Pollution AND Urban Areas,,SDG11
Air Pollution Control Measures,,SDG11
Air Pollution Exposure,Exposure to Air Pollution,SDG11
Air Pollution Exposure,,SDG11
Air Pollution Index,API,SDG11
Air Pollution Levels,Levels of Air Pollution,SDG11
Air Pollution Levels,,SDG11
Air Pollution Monitoring,,SDG11
Air Quality,,SDG11
Air Quality AND Human Health,,SDG11
Air Quality AND Urban Areas,,SDG11
Air Quality Index,AQI,SDG11
Air Quality Management,,SDG11
Air Quality Model,,SDG11
Air Quality Monitoring,,SDG11
Air Quality Monitoring Network,,SDG11
Air Quality Monitoring Station,Air Quality Monitoring Stations,SDG11
Ambient Air,,SDG11
Ambient Air Pollution,,SDG11
Ambient Air Quality,,SDG11
Ambient Air Quality Monitoring,,SDG11
Ambient Fine Particulate Matter,,SDG11
Atmospheric Pollution,,SDG11
Bus Rapid Transit,,SDG11
City Planning,,SDG11
Cultural Heritage,,SDG11
Disaster Risk Reduction,DRR,SDG11
Fine Particulate Matter,,SDG11
Green Space,Green Spaces,SDG11
Greenhouse Gas Emissions,GHG Emissions,SDG11
Health Effects AND Air Pollution,,SDG11
Indoor Air Quality,IAQ,SDG11
Intelligent Transportation System,,SDG11
Local Air Quality,,SDG11
Multiscale Air Quality Model,,SDG11
Municipal Solid Waste,Municipal Solid Wastes; MSW,SDG11
Municipal Solid Waste Generation,,SDG11
Municipal Solid Waste Incineration,Municipal Solid Waste Incinerator; Municipal Solid Waste Incinerators; MSWI,SDG11
Municipal Solid Waste Landfill,,SDG11
Municipal Solid Waste Management,MSWM,SDG11
Municipal Solid Wastes,MSW,SDG11
Municipal Wastewater,,SDG11
Municipal Wastewater Treatment,,SDG11
Municipal Wastewater Treatment Plant,Municipal Wastewater Treatment Plants,SDG11
National Ambient Air Quality Standards,NAAQs,SDG11
Organic Fraction of Municipal Solid Waste,OFMSW,SDG11
Particulate Matter,PM,SDG11
Particulate Matter AND Aerodynamic Diameter,,SDG11
PM10,,SDG11
PM2.5,,SDG11
Public Transport,,SDG11
Public Transport System,Public Transport Systems,SDG11
Regional Air Quality,,SDG11
Smart City,Smart Cities,SDG11
Smart City Concept,,SDG11
Smart City Development,,SDG11
Smart City Services,,SDG11
Solid Waste Incineration,,SDG11
Solid Waste Management,SWM,SDG11
Solid Waste Management System,Solid Waste Management Systems,SDG11
Sustainable City,,SDG11
Sustainable City,Sustainable Cities,SDG11
Sustainable Urban Development,,SDG11
Sustainable Urban Planning,,SDG11
The Sendai Framework for Disaster Risk Reduction,,SDG11
Total Suspended Solids,TSS,SDG11
Traffic Congestion AND Air Pollution,,SDG11
Transportation System,Transportation Systems,SDG11
Urban Air Pollution,,SDG11
Urban Air Quality,,SDG11
Urban Development,,SDG11
Urban Environment,Urban Environments,SDG11
Urban Green Spaces,UGS,SDG11
Urban Planning,,SDG11
Urban Planning Development,,SDG11
Urban Planning Management,,SDG11
Urban Policy,,SDG11
Urban Public Transport,,SDG11
Urban Sustainability,,SDG11
Urban Traffic,,SDG11
Urban Transport,,SDG11
Urbanization,,SDG11
Volatile Organic Compound,Volatile Organic Compounds; VOC; VOCs,SDG11
Waste Incineration,,SDG11
Waste Management,,SDG11
Waste Management System,,SDG11
Waste Treatment,,SDG11
Waste Water,,SDG11
Wastewater Treatment,,SDG11
Wastewater Treatment Plant,Wastewater Treatment Plants; WWTP; WWTPs,SDG11
Water Pollutant,,SDG11
Accessibility AND Public Transport,,SDG11
Activated Sludge,,SDG11
Aerosol Optical Thickness,,SDG11
Affordable Housing,,SDG11
Air Pollution Model,,SDG11
Basic Service,Basic Services,SDG11
Black Carbon,BC,SDG11
Building Design,Buildings Design,SDG11
Circular Economy,,SDG11
Citizen Participation,,SDG11
Collaborative Planning,,SDG11
Congestion,,SDG11
Development Planning,,SDG11
Disaster,,SDG11
Disaster Management,,SDG11
Disaster Risk Management,,SDG11
Disaster Risk Reduction Strategies,,SDG11
Disaster Strategy,,SDG11
Ecological Footprint,,SDG11
Environmental Footprint,,SDG11
Gentrification,,SDG11
Governance,,SDG11
Green Spaces,,SDG11
Housing,,SDG11
Human Settlements,,SDG11
Inadequate Housing,,SDG11
Inclusive Urbanization,Sustainable Urbanization,SDG11
Inclusiveness,,SDG11
Informal Settlements,,SDG11
Land Consumption AND Population Growth,,SDG11
Local Air Pollution,,SDG11
Local Fiscal Space,,SDG11
Low Impact Urban Design Development,LIUDD,SDG11
Membrane Bioreactor,MBR,SDG11
Moving Bed Biofilm Reactor,MBBR,SDG11
Municipal Solid Waste,,SDG11
Natural Heritage,,SDG11
Nature Inclusive,,SDG11
Nature Inclusive Building,Nature Inclusive Buildings,SDG11
Participatory Planning,,SDG11
Pollutant*,,SDG11
Pollution,,SDG11
Public Space,Public Spaces,SDG11
Public Spaces,,SDG11
Public Transit,,SDG11
Public Transport Users,,SDG11
Recycling,,SDG11
Residential Areas,,SDG11
Residential Development,,SDG11
Resilient Building,Resilient Buildings,SDG11
Resilient Buildings,,SDG11
Resource Efficiency,,SDG11
Sendai Framework,,SDG11
Slum,Slums,SDG11
Slum*,,SDG11
Slums,,SDG11
Solid Waste,,SDG11
Sustainable Building,Sustainable Buildings,SDG11
Sustainable Urbanisation,,SDG11
Territorial Development,,SDG11
Total Municipal Waste,,SDG11
Total Solids,TS,SDG11
Town Planning,,SDG11
Transport Systems,,SDG11
Transportation,,SDG11
Unesco,,SDG11
Urban Air,,SDG11
Urban Design,,SDG11
Urban Growth,,SDG11
Urban Housing,,SDG11
Urban Morphology,,SDG11
Urban Policies,,SDG11
Urban Transportation,,SDG11
Urbani?Ation,,SDG11
Waste,,SDG11
Waste Water Management,,SDG11
Wastewater Treatment Plants,WWTPS,SDG11
Zero Energy Building,Zero Energy Buildings; Zero-Energy Building; Zero-Energy Buildings,SDG11
Anaerobic Digestion,AD,SDG12
Biochemical Methane Potential,BMP,SDG12
Building Energy Efficiency,,SDG12
Circular Economy,,SDG12
Circular Economy ,CE,SDG12
Combined Heat and Power,,SDG12
Education for Sustainable Development,ESD,SDG12
Energy Efficiency Buildings,,SDG12
Energy Saving,,SDG12
Environmental Impact Assessment,,SDG12
Environmental Impact Categories,,SDG12
Environmental Life Cycle Assessment,,SDG12
Environmental Policy,,SDG12
Environmental Technology,,SDG12
Food Waste,,SDG12
Green Supply Chain Management,,SDG12
Hazardous Chemicals,,SDG12
Hazardous Waste,,SDG12
Hazardous Waste Management,,SDG12
Heavy Metal AND Pollut*,Heavy Metals AND Pollut*,SDG12
Heavy Metal Pollution,,SDG12
Household Food Waste,,SDG12
Hydraulic Retention Time,HRT,SDG12
Industrial Waste,,SDG12
Integrated Solid Waste Management,,SDG12
Life Cycle Energy Analysis,,SDG12
Life Cycle Impact Assessment,LCIA,SDG12
Low Carbon Economy,,SDG12
Lowcarbon Economy,,SDG12
Material Flow Analysis,MFA,SDG12
Municipal Solid Waste,,SDG12
Municipal Solid Waste,Municipal Solid Wastes,SDG12
Municipal Solid Waste Generation,,SDG12
Municipal Solid Waste Incineration,MSWI,SDG12
Municipal Solid Waste Management,MSWM,SDG12
Municipal Wastewater Treatment,,SDG12
Municipal Wastewater Treatment Plant,Municipal Wastewater Treatment Plants,SDG12
Organic Fraction of Municipal Solid Waste,OFMSW,SDG12
Persistent Organic Pollutants,POPs,SDG12
Phase Change Materials,,SDG12
Potential Environmental Impacts,,SDG12
Power Conversion Efficiency,,SDG12
Renewable Energy Technologies,,SDG12
Sewage Sludge,,SDG12
Solid Waste,,SDG12
Solid Waste Disposal,,SDG12
Solid Waste Generation,,SDG12
Solid Waste Incineration,,SDG12
Solid Waste Management,SWM,SDG12
Solid Waste Management System,Solid Waste Management Systems,SDG12
Sustainable AND {Production AND Consumption},,SDG12
Sustainable Consumption,,SDG12
Sustainable Consumption Production,,SDG12
Sustainable Production,,SDG12
Sustainable Supply Chain,,SDG12
Sustainable Tourism,,SDG12
Sustainable Tourism Development,,SDG12
The Resource Conservation Recovery Act,,SDG12
Volatile Fatty Acid,Volatile Fatty Acids; VFA; VFAs,SDG12
Waste Management,,SDG12
Waste Management System,Waste Management Systems,SDG12
Waste Recycling,,SDG12
Waste Treatment,,SDG12
Wastewater Treatment,,SDG12
Wastewater Treatment Plant ,Wastewater Treatment Plants; WWTP; WWTPs,SDG12
Water Pollutants AND Chemical,,SDG12
Biobased Economy,,SDG12
Building Energy Management,,SDG12
Chemical Pollution,,SDG12
Consumer Behaviour,Consumer Behavior; Consumer Behaviors; Consumer Behaviours,SDG12
Consumption AND Resource Use,,SDG12
Consumption AND Spill,,SDG12
Corporate Social Responsibility,,SDG12
Corporate Sustainability,,SDG12
Cradle to Cradle,,SDG12
Deep Decarbonisation,Deep Decarbonization,SDG12
Domestic Material Consumption,,SDG12
Efficient Use AND Natural Resources,,SDG12
Efficient Use of Resources,,SDG12
Energy Conservation,,SDG12
Energy Efficiency,,SDG12
Energy Efficient,,SDG12
Energy Management,,SDG12
Energy Management Systems,,SDG12
Energy Saving,Energy Savings,SDG12
Energy Utilization,,SDG12
Environmental Footprint,,SDG12
Environmental Pollution,,SDG12
Food Loss,Food Losses,SDG12
Food Loss Index,,SDG12
Food Spill,,SDG12
Food Waste Index,,SDG12
Fossil Fuel Subsidies,,SDG12
Fossil-Fuel Expenditure,,SDG12
Fossil-Fuel Subsidies,,SDG12
Global Citizenship Education,,SDG12
Global Food Waste,,SDG12
Global Resource Extraction,,SDG12
Green Computing,,SDG12
Green Consumption,,SDG12
Harvest Efficiency,,SDG12
Harvest Losses,,SDG12
Hazardous Chemical,Hazardous Chemicals,SDG12
Hazardous Waste AND Treatment,,SDG12
Heavy Metals AND Pollut*,,SDG12
Life Cycle Analysis,Life Cycle Analyses;  Life-Cycle Analysis;  Life-Cycle Analyses,SDG12
Life Cycle Assessment,,SDG12
Low Carbon Economy,Low-Carbon Economy,SDG12
Low Power Consumption,,SDG12
Market Distortions,,SDG12
Material Flow Accounting,,SDG12
Material Footprint,,SDG12
Monitoring Sustainable Development,,SDG12
Multilateral Environmental Agreements,,SDG12
National Recycling Rate,,SDG12
Overconsumption,,SDG12
Ozone Depletion,,SDG12
Pesticide Pollution,,SDG12
Pesticide Reduction,,SDG12
Pesticide Stress,,SDG12
Phase Change Material,"Phase Change Materials, PCM;PCMs",SDG12
Post-Harvest Losses,,SDG12
Production AND Resource Use,,SDG12
Production AND Spill,,SDG12
Public Procurement AND Sustainable,,SDG12
Reduce Waste Generation,,SDG12
Renewable Energy-Generating,,SDG12
Resource Efficiency,,SDG12
Resource Recycling,,SDG12
Resource Reuse,,SDG12
Resource Spill,,SDG12
Responsible Production Chains,,SDG12
Societal Metabolism,,SDG12
Sustainability Label,Sustainability Labelling,SDG12
Sustainable Consumption Patterns,,SDG12
Sustainable Development AND Education,,SDG12
Sustainable Food Consumption,,SDG12
Sustainable Management,,SDG12
Sustainable Practices,,SDG12
Sustainable Procurement,,SDG12
Sustainable Production Patterns,,SDG12
Sustainable Public Procurement,,SDG12
Sustainable Public Procurement Policies,,SDG12
Sustainable Resource Use,,SDG12
The 10-Year Framework of Programmes on Sustainable Consumption and Production Patterns,,SDG12
The Organic Fraction of Municipal Solid Waste,OFMSW,SDG12
Toxic Chemical,Toxic Chemicals,SDG12
Waste Generation,,SDG12
Wasteful Consumption,,SDG12
Water Pollution,,SDG12
Zero Waste,,SDG12
Anthropogenic Climate,,SDG13
Anthropogenic Climate Change,,SDG13
Anthropogenic Greenhouse Gas,,SDG13
Anthropogenic Greenhouse Gas Emissions,,SDG13
Atmospheric Carbon Dioxide,Atmospheric CO2,SDG13
Carbon Capture,,SDG13
Carbon Emissions,Carbon Dioxide Emission; Carbon Dioxide Emissions; CO2 Emission; CO2 Emissions,SDG13
Carbon Footprint,,SDG13
Change Adaptation Strategies,,SDG13
Clean Development Mechanism,CDM,SDG13
Climate AND Natural Disaster*,,SDG13
Climate Change,Climate Changes,SDG13
Climate Change Adaptation,CCA,SDG13
Climate Change Adaptation Measures,,SDG13
Climate Change Adaptation Planning,,SDG13
Climate Change Adaptation Policy,Climate Change Adaptation Policies,SDG13
Climate Change Adaptation Strategy,Climate Change Adaptation Strategies,SDG13
Climate Change Impact,Climate Change Impacts,SDG13
Climate Change Mitigation,,SDG13
Climate Change Mitigation Policy,Climate Change Mitigation Policies,SDG13
Climate Change Mitigation Strategies,,SDG13
Climate Change Policy,Climate Change Policies,SDG13
Climate Change Risk,Climate Change Risks,SDG13
Climate Forcing,,SDG13
Climate Impacts,,SDG13
Climate Mitigation,,SDG13
Climate Policy,Climate Policies,SDG13
Climate Variability,Climate Variation,SDG13
Disaster Risk Reduction,DRR,SDG13
El Niño,,SDG13
El Niño Southern Oscillation,El Niño-Southern Oscillation; El Niño/Southern Oscillation; El Nino-Southern Oscillation; El Nino Southern Oscillation; El Nino/Southern Oscillation; ENSO,SDG13
Extreme Weather,,SDG13
Global Climate Model,Global Climate Models; GCM; GCMs,SDG13
Global Temperature,,SDG13
Global Warming,,SDG13
Global Warming Potential,GWP,SDG13
Greenhouse Gas,Greenhouse Gases; GHG,SDG13
Greenhouse Gas Emission,Greenhouse Gas Emissions; Greenhouse Gases Emission; Greenhouse Gases Emissions; GHG Emission,SDG13
IPCC,,SDG13
Nitrous Oxide Emissions,N2O Emissions,SDG13
Regional Climate Model,REGCM,SDG13
Regional Climate Model ,Regional Climate Models; Rcm; Rcms,SDG13
Sea Ice Loss,,SDG13
Sea Level,,SDG13
Sea Level Change,,SDG13
Sea Level Rise,Rising Sea; Rising Sea Level,SDG13
Sea Level Rise,Sealevel Rise; Rising Sea Level; Rising Sea Levels; Slr,SDG13
The Kyoto Protocol,,SDG13
The Paris Agreement,,SDG13
Acclimatization Thermal Strain Index,ASTI,SDG13
Acidification AND Seawater,,SDG13
Antarctic Cold Reversal,ACR,SDG13
Average Global Temperature,,SDG13
Carbon Dioxide Emissions,,SDG13
Climate Action,,SDG13
Climate Adaptation,,SDG13
Climate AND Adaptive Management,,SDG13
Climate AND Anthropocene,,SDG13
Climate AND Atmospher*,,SDG13
Climate AND Awareness,,SDG13
Climate AND Bioeconomy,,SDG13
Climate AND Carbon,,SDG13
Climate AND Clean Development Mechanism,,SDG13
Climate AND Consumption,,SDG13
Climate AND Decision-Making,,SDG13
Climate AND Disaster Risk Reduction,,SDG13
Climate AND Emission*,,SDG13
Climate AND Energy Conservation,,SDG13
Climate AND Environmental Education,,SDG13
Climate AND Extreme,,SDG13
Climate AND Food Chain,Climate AND Food Chains,SDG13
Climate AND Framework,,SDG13
Climate AND Glacier Retreat,,SDG13
Climate AND Greenhouse,,SDG13
Climate AND Hazard*,,SDG13
Climate AND Ice-Ocean Interaction,Climate AND Ice-Ocean Interactions,SDG13
Climate AND Island*,,SDG13
Climate AND Land Use,,SDG13
Climate AND Megacit*,,SDG13
Climate AND Nitrogen Cycle,Climate AND Nitrogen Cycles,SDG13
Climate AND Ocean Acidification,,SDG13
Climate AND Ozone,,SDG13
Climate and Politics,,SDG13
Climate AND Production,,SDG13
Climate AND Radiative Forcing,,SDG13
Climate AND Sea Ice,,SDG13
Climate AND Sea Level,Climate AND Sea Levels,SDG13
Climate AND Small Island Developing States,,SDG13
Climate AND Sustainable Development Education,,SDG13
Climate AND Thermal Expansion,,SDG13
Climate AND UNFCCC,,SDG13
Climate AND Warming,,SDG13
Climate Capitalism,,SDG13
Climate Change,,SDG13
Climate Change AND Adaptation,,SDG13
Climate Change AND Early Warning,,SDG13
Climate Change AND Impact Reduction,,SDG13
Climate Change AND Management,,SDG13
Climate Change AND Mitigation,,SDG13
Climate Change AND Planning,,SDG13
Climate Change Effects,,SDG13
Climate Change Financing,,SDG13
Climate Change Management,,SDG13
Climate Change Planning,,SDG13
Climate Change Scenarios,,SDG13
Climate Early Warning,,SDG13
Climate Effect,,SDG13
Climate Equity,,SDG13
Climate Feedback,,SDG13
Climate Finance,,SDG13
Climate Governance,,SDG13
Climate Hazards,,SDG13
Climate Impact,,SDG13
Climate Investment,,SDG13
Climate Justice,,SDG13
Climate Model,Climate Models; Climate Modeling; Climate Modelling,SDG13
Climate Models,,SDG13
Climate Prediction,Climate Predictions,SDG13
Climate Related Hazards,,SDG13
Climate Risk,Climate Risks,SDG13
Climate Service,Climate Services,SDG13
Climate Signal,Climate Signals,SDG13
Climate Tipping Point,,SDG13
Climate Variation,Climate Variations,SDG13
Climate Warming,,SDG13
CO2 Capture,,SDG13
COP 21,,SDG13
COP 22,,SDG13
Disaster Risk Reduction Strategies,,SDG13
Ecoclimatology,Eco-Climatology,SDG13
Extreme Weather Events,,SDG13
Global Temperature,Global Mean Temperature,SDG13
Green Climate Fund,,SDG13
Greenhouse Gas Emissions,,SDG13
Ice Loss,,SDG13
Indian Ocean Dipole,IOD,SDG13
Interdecadal Pacific Oscillation,IPO,SDG13
La Niã,,SDG13
Marine Isotope Stage,MIS,SDG13
Ocean Warming,,SDG13
Regional Climate,Regional Climates,SDG13
Sea Surface Temperature,SST,SDG13
Southern Oscillation Index,SOI,SDG13
The Sendai Framework for Disaster Risk Reduction 2015–2030,,SDG13
The United Nations Framework Convention on Climate Change,,SDG13
Urban Climate,Urban Climates,SDG13
*Forest*,,SDG14
Aquatic Ecosystems,,SDG14
Aquatic Food Webs,,SDG14
Baltic Sea Action Plan,BASP,SDG14
Coastal Environment,Coastal Environments,SDG14
Coastal Habitat,Coastal Habitats,SDG14
Coastal Management,,SDG14
Coastal Marine Ecosystems,,SDG14
Common Fisheries Policy,CFP,SDG14
Convention for The Conservation of Antarctic Marine Living Resources,CCAMLR,SDG14
Coral Bleach,Coral Bleaching,SDG14
Coral Reef,Coral Reefs,SDG14
Coral Reef Ecosystem,Coral Reef Ecosystems,SDG14
Coral Reef Fish,Coral Reef Fishes,SDG14
Ecosystem-Based Fisheries Management,EFBM,SDG14
Exclusive Economic Zone,Exclusive Economic Zones; EEZ; EEZs,SDG14
Fish Populations,,SDG14
Fish Species,,SDG14
Fish Stocks,,SDG14
Fisheries Management,,SDG14
Fishery Management,Fisheries Management,SDG14
Fishing Effort,,SDG14
Fishing Pressure,,SDG14
Great Barrier Reef,Great Barrier Reef Marine Park,SDG14
Harmful Algal Bloom,Harmful Algal Blooms; HAB; HABs,SDG14
Integrated Coastal Zone Management,ICZM,SDG14
Integrated Multi-Trophic Aquaculture,IMTA,SDG14
Large Marine Ecosystem,Large Marine Ecosystems,SDG14
Marine,,SDG14
Marine Ecosystem,Marine Ecosystems,SDG14
Marine Environment,Marine Environments,SDG14
Marine Fish,,SDG14
Marine Food Web,Marine Food Webs,SDG14
Marine Habitats,,SDG14
Marine Life,Marine Organisms; Marine Species,SDG14
Marine Mammals,Marine Mammal Species,SDG14
Marine Organisms,,SDG14
Marine Protected Area,Marine Protected Areas,SDG14
Marine Protected Area,Marine Protected Areas; Mpa; Mpas,SDG14
Marine Resource Management,,SDG14
Marine Spatial Planning,MSP,SDG14
Marine Species,,SDG14
Marine Stewardship Council,MSC,SDG14
No-Take Marine Protected Area,No-Take Marine Protected Areas; No-Take Marine Reserve; No-Take Marine Reserves;  No-Take Zone; No-Take Zones,SDG14
No-Take Marine Reserve,No-Take Marine Protected Area; No-Take Marine Protected Areas; No-Take Marine Reserves;  No-Take Zone; No-Take Zones,SDG14
Ocean Acidification,,SDG14
Ocean Acidification,OA,SDG14
Plastic Debris,Marine Plastic Debris,SDG14
Regional Fisheries Management Organizations,RFMO,SDG14
Seagrass Bed,Seagrass Beds; Seagrass Meadow; Seagrass Meadows,SDG14
Species Richness,,SDG14
The Marine Strategy Framework Directive,The EU Marine Strategy Framework Directive; MSFD,SDG14
Total Allowable Catch,TAC,SDG14
United Nations Convention on The Law of The Sea,,SDG14
Aquaculture,,SDG14
Artisanal Fishers,,SDG14
Biogeochemical Cycle,Biogeochemical Cycles,SDG14
Coastal Areas,,SDG14
Coastal Biodiversity,,SDG14
Coastal Ecosystem,Coastal Ecosystems,SDG14
Coastal Ecosystems,,SDG14
Coastal Ecotourism,,SDG14
Coastal Eutrophication,,SDG14
Coastal Habitats,,SDG14
Community Based Conservation,Community-Based Conservation,SDG14
Coral Bleaching,,SDG14
Coral Reef,,SDG14
Coral Reef System,Coral Reef Systems,SDG14
Coral Triangle Region,,SDG14
Destructive Fishing,,SDG14
Ecological Marine Units,EMUS,SDG14
Ecosystem-Based AND Marine Areas,,SDG14
Ecotourism,,SDG14
Eutrophicat*,,SDG14
Fish Stocks AND Fisheries Management,,SDG14
Fisheries,,SDG14
Fisheries Rights,,SDG14
Fisheries Subsidies,,SDG14
Fishery,Fisheries,SDG14
Fishing Practices,,SDG14
Hauraki Gulf Marine Park,,SDG14
Healthy Oceans,,SDG14
Ice-Ocean,,SDG14
Illegal Fishing,,SDG14
Intergovernmental Oceanographic Commission Criteria and Guidelines on the Transfer of Marine Technology,,SDG14
Kelp,,SDG14
Law of the Sea,,SDG14
Local Fisheries,,SDG14
Marine Acidity,,SDG14
Marine Areas,,SDG14
Marine Biodiversity,,SDG14
Marine Conservation,,SDG14
Marine Debris,,SDG14
Marine Economy,,SDG14
Marine Ecosystems,,SDG14
Marine Fisheries,,SDG14
Marine Herbivorous Fish,Marine Herbivorous Fishes,SDG14
Marine Invertebrate,Marine Invertebrates,SDG14
Marine Land Slide,,SDG14
Marine Natural Product,Marine Natural Products,SDG14
Marine Parks,,SDG14
Marine Pollution,,SDG14
Marine Quota,,SDG14
Marine Reserve,Marine Reserves,SDG14
Marine Resources,,SDG14
Marine Technology,,SDG14
Nutrient Pollution,,SDG14
Nutrient Runoff,,SDG14
Ocean Biogeographic Information System,OBIS,SDG14
Oceanic Circulation Model,Oceanic Circulation Models; Oceanic Circulation Modelling; Oceanic Circulation Modeling,SDG14
Okakari Point Marine Reserve,,SDG14
Overfishing,,SDG14
"Overfishing, Illegal, Unreported and Unregulated Fishing",,SDG14
Plastic Density Debris,,SDG14
Productive Oceans,,SDG14
Sea Grasses,,SDG14
Small Island Development States,,SDG14
Small-Scale Artisanal Fishers,,SDG14
Small-Scale Fisheries,,SDG14
Sustainable Fisheries,,SDG14
Sustainable Yield,,SDG14
Traditional Ecological Knowledge,,SDG14
Unregulated Fishing,,SDG14
Water Cycle,Water Cycles,SDG14
Biodivers*,,SDG15
Biodiversity Loss,Loss of Biodiversity,SDG15
Biodiversity Loss,,SDG15
Biological Diversity,,SDG15
Corine Land Cover,,SDG15
Deforest*,,SDG15
Deforest*,Deforestation,SDG15
Desertif*,,SDG15
Desertif*,Desertification,SDG15
Dry Season,,SDG15
Dryland*,,SDG15
Dryland*,Drylands,SDG15
Earth System Model,Earth System Models,SDG15
Ecosystem Function,Ecosystem Functions; Ecosystem Functioning,SDG15
Ecosystem Service,Ecosystem Services,SDG15
Ecosystem*,Eco-System*,SDG15
Endangered Species,,SDG15
Endangered Species Act,ESA,SDG15
Enhanced Vegetation Index,EVI,SDG15
Environmental Change,Environmental Changes,SDG15
Environmental Factor,Environmental Factors,SDG15
Environmental Impact,Environmental Impacts,SDG15
Eu Water Framework Directive,,SDG15
Fire-Fallow Cultivation,,SDG15
Forest Cover,,SDG15
Forest Degradation,,SDG15
Forest Ecosystem,Forest Ecosystems,SDG15
Forest Management,,SDG15
Gross Primary Production,,SDG15
Habitat Fragmentation,,SDG15
Invasive Species,Invasive Alien Species; Alien Species; LAS,SDG15
Iucn Red List,,SDG15
Land Cover Change,Land Cover Changes,SDG15
Land Cover Type,Land Cover Types,SDG15
Land Data Assimilation System,LADS,SDG15
Land Degradation,,SDG15
Land Degradation Neutrality,LDN,SDG15
Land Management,,SDG15
Land Use and Land Cover,Land-Use/Cover-Change; Land Use/Land Cover; Land Use Land Cover; LULC,SDG15
Land Use/Land Cover Change,,SDG15
Leaf Area Index,LAI,SDG15
Low Impact Development,LID,SDG15
Mountain*,,SDG15
Native Species,,SDG15
Natural Vegetation,,SDG15
Net Ecosystem Exchange,,SDG15
Net Ecosystem Productivity,,SDG15
Normalized Difference Vegetation Index ,,SDG15
Palmer Drought Severity Index,PDSI,SDG15
Plant Functional Types,,SDG15
Plant Species,,SDG15
Plant Species Richness,,SDG15
Protected Area,Protected Areas,SDG15
Revised Universal Soil Loss Equation,,SDG15
Soil & Water Assessment Tool,,SDG15
Soil and Water Assessment Tool,SWAT,SDG15
Soil Degradation,,SDG15
Soil Erosion,,SDG15
Soil Quality,,SDG15
Soil Quality Index,SQI,SDG15
Soil Water Content,SWC,SDG15
Species Distribution,,SDG15
Species Diversity,,SDG15
Species Richness,,SDG15
Terrestrial Ecosystem,Terrestrial Ecosystems,SDG15
Terrestrial Water Storage,TWS,SDG15
Threatened Species,,SDG15
Topographic Wetness Index,,SDG15
Trophic Web,,SDG15
Tropical Forests,,SDG15
Tropical Rainfall Measuring Mission,,SDG15
Universal Soil Loss Equation,Revised Universal Soil Loss Equation; USLE; RUSLE,SDG15
Vegetation Types,,SDG15
Wastewater Treatment Plants,,SDG15
Wetland,Wetlands,SDG15
Wetland Ecosystem,Wetland Ecosystems,SDG15
Wetland*,,SDG15
Wetlands,,SDG15
Yellow River Delta,,SDG15
Afforestation,,SDG15
Aichi Biodiversity Target 2,,SDG15
Biodiversity-Inclusive,,SDG15
Bioeconom*,Bio-Econom*,SDG15
Biological Indicators,,SDG15
Biological Invasion,,SDG15
Biological Production,,SDG15
Community Based Conservation,Community-Based Conservation,SDG15
Degrad* AND Natural Habitats,,SDG15
Degraded Forests,,SDG15
Degraded Land,,SDG15
Degraded Soil,,SDG15
Drought,,SDG15
Earth System,,SDG15
Ecological Health,,SDG15
Ecological Resilience,,SDG15
Ecosystem Health,,SDG15
Ecosystem Protection,,SDG15
Ecosystem Restoration,,SDG15
Ecotourism,,SDG15
Environmental Degradation,,SDG15
Environmental Management,,SDG15
Environmental Stress,,SDG15
Estuarine Ecosystems,,SDG15
Exotic Species,,SDG15
Extinct Species,,SDG15
Extinction Risk,,SDG15
Extinction Wave,,SDG15
Forest Auditing,,SDG15
Forest Certification,,SDG15
Forest Cover Change,Forest Cover Changes,SDG15
Forest Stewardship Council,,SDG15
Freshwater Biodiversity,,SDG15
Freshwater Ecosystems,,SDG15
Freshwater Species,,SDG15
Genetic Resources,,SDG15
Habitat Loss,,SDG15
Habitat Restoration,,SDG15
Human-Wildlife Conflict,,SDG15
Illegal Logging,,SDG15
Illegal Wildlife Products,,SDG15
Inland Freshwater Ecosystems,,SDG15
Invasive Alien Species,,SDG15
Invasive Plant Species,,SDG15
Invasive Species,Alien Species,SDG15
Land Conservation,,SDG15
Land Cover,Land Covers,SDG15
Land Loss,,SDG15
Land Restoration,,SDG15
Land Use,Land Uses,SDG15
Land Use Change,Land-Use Change,SDG15
Local Environmental Factors,,SDG15
Low Impact Urban Design and Development,LIUDD,SDG15
LULUCF,,SDG15
Mountain Biodiversity,,SDG15
Mountain Ecosystems,,SDG15
Mountain Green Cover Index,,SDG15
Mountain Vegetation,,SDG15
Mountainous Cover,,SDG15
Nagoya Protocol on Access to Genetic Resources,,SDG15
National Nature Reserve,,SDG15
Native Forest,,SDG15
Naturalized Species Richness,,SDG15
Official Development Assistance AND Conservation OR Biodiversity,,SDG15
Poach*,,SDG15
Poach* AND Protected Species,,SDG15
Priority Species,,SDG15
Protected Fauna,,SDG15
Protected Flora,,SDG15
Protected Species,,SDG15
Rainforest Lliance,,SDG15
Red List Index,,SDG15
Red List Species,,SDG15
REDD,,SDG15
Reforestation,,SDG15
Riparian Vegetation,,SDG15
Riparian Zone Management,,SDG15
Silviculture,,SDG15
Slash-and-Burn,Fire-Fallow Cultivation,SDG15
Soil Restoration,,SDG15
Strategic Plan for Biodiversity 2011–2020,,SDG15
Stream Ecosystem Health,,SDG15
Sustainable Land Management,,SDG15
Swamp Forest,,SDG15
System of Environmental-Economic Accounting,,SDG15
Terrestrial Biodiversity,,SDG15
Terrestrial Ecosystems,,SDG15
Terrestrial Freshwater Ecosystems,,SDG15
Terrestrial Species,,SDG15
Threatened Native Species,,SDG15
Timber Harvest,,SDG15
Traffick* AND Protected Species,,SDG15
Tree Cover,,SDG15
Trophic Cascade,,SDG15
Trophic Level,,SDG15
Vegetation Communities,,SDG15
Vegetation Cover,,SDG15
Water Sensitive Design,WSD,SDG15
Wildlife Market,Wildlife Markets,SDG15
Wildlife Product,Wildlife Products,SDG15
Wildlife Traffic,Wildlife Trafficking,SDG15
(Physical OR Emotional OR Sexual) AND (Abuse OR Violence),,SDG16
Child Abuse,,SDG16
Childhood Sexual Abuse,Child Sexual Abuse; CSA,SDG16
Childhood Trauma Questionnaire,CTQ,SDG16
Crime,,SDG16
Crime,Crimes; Criminal ,SDG16
Crimes AND Humanity,,SDG16
Criminal Activity,Criminal Activities,SDG16
Criminal Justice,,SDG16
Criminal Justice System,,SDG16
Criminal Justice System,Criminal Justice Systems,SDG16
Criminal Law,,SDG16
Domestic Violence,,SDG16
Human Rights,,SDG16
Human Rights Abuses,,SDG16
Human Rights AND Fundamental Freedoms,,SDG16
Human Rights Violations,,SDG16
Human Trafficking,,SDG16
International Human Rights Law,,SDG16
International Humanitarian Law,IHL,SDG16
Intimate Partner Violence,IPV,SDG16
Organized Crime,,SDG16
Physical Abuse,,SDG16
Physical Abuse AND Sexual Abuse,,SDG16
Physical Violence,,SDG16
Physical Violence AND Sexual Violence,,SDG16
Sexual Abuse,,SDG16
Sexual Assault,,SDG16
Sexual Crime,,SDG16
Sexual Violence,,SDG16
Terrorism,,SDG16
Terrorist Attack,Terrorist Attacks,SDG16
Terrorist Attacks,,SDG16
Transnational Organized Crime,,SDG16
Violent Crime,Violent Crimes,SDG16
War Crimes,,SDG16
(Physical OR Sexual) AND Abuse,,SDG16
Aarhus Convention,,SDG16
Accountable Institution,Accountable Institutions,SDG16
Accountable Institutions,,SDG16
Actual Innocence,,SDG16
Arbitrary Detention,,SDG16
Arbitrary Justice,,SDG16
Armed Conflict,Armed Conflicts,SDG16
Arms Flow,,SDG16
Arms Trafficking,,SDG16
Birth Registration,,SDG16
Bribery,,SDG16
Civil Conflict,Civil Conflicts,SDG16
Combat Crime,,SDG16
Combat Terrorism,,SDG16
Conflict-Related Deaths,,SDG16
Corruption AND Bribery,,SDG16
Corruption AND Conflict,,SDG16
Corruption AND Government,,SDG16
Corruption AND Institution,,SDG16
Corruption AND Public Official,,SDG16
Criminal Tribunal,,SDG16
Cybercrime,,SDG16
Democrati?Ation AND Conflict,,SDG16
Democrati?Ation AND Decision-Making,,SDG16
Democrati?Ation AND Financial Aid,,SDG16
Democrati?Ation AND Institutional,,SDG16
Democrati?Ation AND Politics,,SDG16
Democrati?Ation AND Society,,SDG16
Democratic Deficit,,SDG16
Democratic Institution,,SDG16
Effective Institution,Effective Institutions,SDG16
Effective Rule of Law,,SDG16
Ethnic Conflict,Ethnic Conflicts,SDG16
Exoneration,,SDG16
Extremism War Crime,,SDG16
Fair Society,Fair Societies,SDG16
False Confession,,SDG16
Family Violence,,SDG16
Formal Dispute Resolution,,SDG16
Freedom of Information,,SDG16
Freedom of Speech,,SDG16
Fundamental Freedom,Fundamental Freedoms,SDG16
Genocid*,,SDG16
Good Governance,,SDG16
Homicid*,,SDG16
Human Rights Activists,,SDG16
Human Rights Institution,,SDG16
Human Rights Institution,Human Rights Institutions,SDG16
Human Rights Law,,SDG16
Illegal Arms,,SDG16
Illicit Arms Flows,,SDG16
Illicit Financial Flows,,SDG16
Illicit Money,,SDG16
Illicit Transfer,,SDG16
Inclusive Institution,Inclusive Institutions,SDG16
Inclusive Institutions,,SDG16
Inclusive Societies,,SDG16
Inclusive Society,Inclusive Societies,SDG16
Independence of Judiciary,Independent Judiciary,SDG16
Informal Dispute Resolution,,SDG16
Insurgence,,SDG16
Intentional Homicide,,SDG16
Judicial System,,SDG16
Justice For All,,SDG16
Justice System,,SDG16
Legal Identity For All,,SDG16
Legal Remedy,Legal Remedies,SDG16
Murder*,,SDG16
Non-Discriminatory Laws,,SDG16
Paris Principles,,SDG16
Peaceful Societies,,SDG16
Peaceful Society,,SDG16
Policy AND Sustainable Development,(Policies AND Sustainable Development),SDG16
Political Decision-Making AND Inclusive,,SDG16
Political Decision-Making AND Participatory,,SDG16
Political Decision-Making AND Representative,,SDG16
Political Decision-Making AND Responsive,,SDG16
Political Instability,,SDG16
Press Freedom,,SDG16
Prevent Violence,,SDG16
Psychological Abuse,,SDG16
Psychological Violence,,SDG16
Refugee*,,SDG16
Responsive Institution,Responsive Institutions,SDG16
Rule of Law,,SDG16
Separation of Powers,,SDG16
Spouse Abuse,,SDG16
Terroris*,,SDG16
Torture,,SDG16
Torture of Children,,SDG16
Transparent Institution,Transparent Institutions,SDG16
Unsentenced Detention,,SDG16
Violence,,SDG16
Violence AND Death Rates,,SDG16
Violence Risk,,SDG16
Violent Acts,,SDG16
Violent Conflict,Violent Conflicts,SDG16
War AND  Democracy,,SDG16
War AND  Geneva Convention,,SDG16
War AND  Peace,,SDG16
War AND  Peacekeeping,,SDG16
War AND  Treaty,,SDG16
War AND  Warfare ,,SDG16
War AND Conflict,,SDG16